,장소명,요약,장소사진,평점,리뷰수,주소
0,경복궁,조선 왕조 개국 3년인 1395년에 완공된 경복궁은 이때부터 한양의 중심이 되었다. 조선왕조의 정궁으로 큰 규모와 보다 엄격한 격식이 특징적이다. ,https://korean.visitseoul.net//data/POST/20171219//201712191648382511.jpg,평점:4.0,,"서울 종로구 사직로 161 (세종로, 경복궁)"
1,남산서울타워 ,"도심 속 로맨틱 아일랜드로 입지를 굳힌 남산서울타워는 예로부터 백년해로의 길지로 널리 알려진 남산(262m) 정상에 위치한 높이 236.7m의 탑으로, 해발 480m 위치에서 서울시를 360도 파노라마 뷰로 조망할 수 있는 최고의 전망을 자랑한다..",https://korean.visitseoul.net//data/POST/20171219//201712191449328721,평점:4,9559 ,"서울 용산구 남산공원길 105 (용산동2가, YTN서울타워)"
2,익선동 한옥거리,연인들이 많이 찾는 종로의 랜드마크 거리,https://korean.visitseoul.net//data/POST/20210209//202102092118084591,평점:4.5,88 ,서울 종로구 돈화문로11가길 17 (익선동)
3,롯데월드타워,"글로벌 상징성과 한국의 전통미, 인간과 기술, 첨단과 자연이 공존하는 롯데월드타워는 하나의 건축물에 도시생활의 모든 것을 구현한 수직도시이다. ",https://korean.visitseoul.net//data/POST/20170425//201704251508226961,,,서울 송파구 올림픽로 300 (신천동)
4,서울 한양도성,한양도성은 1396년 현재 서울의 도심부를 감싸고 있는 백악·낙타·목멱·인왕의 능선을 따라 처음 축조된 이후 여러 차례 개축되었다. ,https://korean.visitseoul.net//data/POST/20171219//201712191608573031,평점:4.5,183 ,"서울 종로구 율곡로 283 (종로6가, 서울디자인지원센터)"
5,북악스카이웨이 북악팔각정,서울 하늘에 맞닿은 전망대연인들의 데이트 코스로 손꼽히는 북악스카이웨이는 남산서울타워와는 또 다른 각도로 서울 전체를 볼 수 있는 곳이다. ,https://korean.visitseoul.net//data/POST/20170817//201708171746324931,평점:4,14 ,서울시 종로구 북악산로 267 (평창동)
6,한강 이랜드크루즈,물 위에서 즐기는 느림의 미학한강을 즐기기에 가장 좋은 방법은 바로 유람선이다.,https://korean.visitseoul.net//data/POST/20181204//201812041548089291,평점:4,178 ,"서울 영등포구 여의동로 290 (여의도동, 진성나루)"
7,서울시립미술관 (서소문본관),덕수궁 돌담길 옆 아름다운 미술관운치 있는 덕수궁 돌담길을 서서히 돌아 정동길로 접어들면 왼쪽으로 오래된 수목과 꽃들이 어우러진 아름다운 야외 정원이 시선을 잡아끈다.,https://korean.visitseoul.net//data/POST/20200805//202008051329390411,평점:4,151 ,"서울 중구 덕수궁길 61 (서소문동, 서울시립미술관)"
8,별마당 도서관,"코엑스몰 중심에 위치한 별마당 도서관은 휴식과 만남, 그리고 책을 주제로 소통하는 문화 감성 공간으로써 누구나 무료로 이용할 수 있도록 모두에게 열려있다. ",https://korean.visitseoul.net//data/POST/20180906//201809061519178311,평점:4.5,362 ,"서울 강남구 영동대로 513 (삼성동, 코엑스)"
9,선정릉(선릉),"삼릉공원 안에 성종과 정현왕후의 능인 선릉(宣陵)과, 아들 중종의 능 정릉(靖陵)이 있는 곳",https://korean.visitseoul.net//data/POST/20200906//202009062343414091,평점:4,174 ,서울특별시 강남구 선릉로100길 1 (삼성동)
10,창덕궁,세계가 보존하는 세계문화유산창덕궁은 서울에서 두 번째로 유네스코 선정 세계문화유산으로 등재되었다. 가장 먼저 종묘가 선정됐고 이어 창덕궁이 등재됐다. ,https://korean.visitseoul.net//data/POST/20171219//201712191630449491,평점:4.5,4680 ,"서울 종로구 율곡로 99 (와룡동, 창덕궁)"
11,삼청동 골목길,"서울에서 가장 스타일리시한 골목, 삼청동",https://korean.visitseoul.net//data/POST/20200804//202008041335073841,평점:4.5,535 ,로구 가회동 일대
12,서대문형무소역사관,"서대문형무소는 현존하는 건축물 중 유일한 일본풍 목조 건물이다. 1923년 지은, 사형 선고를 받고 투옥된 전국의 애국지사들이 이감 후 생을 마감한 장소다.",https://korean.visitseoul.net//data/POST/20170822//201708221522114561,평점:4.5,390 ,"서울 서대문구 통일로 251 (현저동, 독립공원)"
13,봉은사 ,삼성역 맞은편엔 비교적 큰 규모의 사찰이 있다. 바로 봉은사다. 서울의 대표적인 사찰로 그 역사만도 1000년이 넘는다. ,https://korean.visitseoul.net//data/MEDIA/20230728/0728163610574-d9122b89a5094c1591c908d2e662ebe1.png,평점:4.5,1327 ,서울 강남구 봉은사로 531 (봉은사)
14,63스퀘어,"여의도 63빌딩은 볼거리, 먹을거리, 즐길거리 등을 갖춘 복합 공간이다. 빌딩의 맨 꼭대기, 63 스카이텍은 전망 하나만으로 모든 걸 압도한다. ",https://korean.visitseoul.net//data/POST/20221006//202210061243402671,평점:4,283 ,"서울 영등포구 63로 50 (여의도동, 63한화생명빌딩)"
15,리움 미술관 ,한남동 언덕길을 오르다 보면 리움 미술관과 만나게 된다. 삼성그룹의 창립자 고 이병철 회장의 수집품에서 출발한 미술관이다.,https://korean.visitseoul.net//data/POST/20161209//201612091456447121,평점:4.5,762 ,서울 용산구 이태원로55길 60-16 (한남동)
16,남산골 한옥마을,비경과 풍유가 흐르던 남촌충무로의 대로변에서 100미터 남짓 지나면 예스런 한옥마을과 자연 공원이 등장한다. 조선시대의 한옥 다섯 채를 이전해 조성한 남산골 한옥마을이다. ,https://korean.visitseoul.net//data/POST/20171017//201710171323232681,평점:4,849 ,서울 중구 퇴계로34길 28 (남산골한옥마을)
17,광화문광장,조선 태조는 1394년에 도읍을 한양으로 옮기고 정국인 경복궁을 지었다. 그리고 궁의 정문인 광화문 앞 길의 좌우에 의정부를 포함해 육조 관아 거리를 건설했다.,https://korean.visitseoul.net//data/POST/20171219//201712191616496411,평점:4,743 ,서울특별시 종로구 세종대로 172
18,명동관광정보센터,명동 관광정보센터는 서울 중구 을지로2가에 위치해 있는 관광안내소이다. ,https://korean.visitseoul.net//data/POST/20181025//201810251457549591,평점:3.5,,"서울 중구 을지로 66 (을지로2가, 하나금융그룹 명동사옥) 별관 1층"
19,종묘,왕의 위패를 모시고 제를 올리는 종묘는 조선의 역사에 더없이 중요한 장소였다. 임금이 새로 왕위에 오르면 가장 먼저 종묘와 사직에 나아가 절을 하며 제사를 드렸다.,https://korean.visitseoul.net//data/POST/20171024//201710241656244211,평점:4,748 ,"서울 종로구 종로 157 (훈정동, 종묘공원)"
20,덕수궁,덕수궁에 들어가기 위해 태평로의 상징인 대한문을 지난다. 하지만 원래의 위치는 아니다. 일제에 의해 태평로가 만들어지면서 덕수궁의 크기는 줄어들었고 대한문도 뒤쪽으로 물러났다.,https://korean.visitseoul.net//data/POST/20171219//201712191623523421,평점:4,1089 ,서울 중구 세종대로 99
21,전쟁기념관,전쟁기념관에 들어서면 '형제의 상'이 가장 먼저 눈에 들어온다. 현대사의 슬픔을 고스란히 보여준다. ,https://korean.visitseoul.net//data/POST/20211125//202111251302510251,평점:4.5,4343 ,"서울 용산구 이태원로 29 (용산동1가, 전쟁기념관)"
22,북촌한옥마을,600년 수도의 스펙트럼 속으로서울에서 가장 생생하게 살아 숨 쉬는 역사문화의 현장은 단연 북촌한옥마을이다. 600년 수도의 역사를 자랑하듯 전통 한옥들이 즐비한 동네다. ,https://korean.visitseoul.net//data/POST/20210723//202107231452012931,평점:4,5330 ,서울 종로구 계동길 37  북촌문화센터 일대 (계동)
23,돈의문박물관마을,돈의문 터 근처의 돈의문 박물관 마을은 근현대에 조성되었던 골목길과 주택들을 활용한 공간으로 새롭게 조성한 서울의 새 명소다.,https://korean.visitseoul.net//data/POST/20190502//201905021620516481,평점:4.5,,"서울 종로구 송월길 14-3 (신문로2가, 국도빌딩)"
24,창경궁,"창경궁은 1483년 창덕궁 동쪽에 세워진 궁으로, 성종이 정희왕후, 안순왕후, 소혜왕후를 위해 수강궁을 확장하면서 창경궁이라는 이름을 붙였다. ",https://korean.visitseoul.net//data/POST/20171219//201712191407243421,평점:4.5,752 ,"서울 종로구 창경궁로 185 (와룡동, 창경궁)"
25,서울중앙성원,"용산구 한남동에 있는 이슬람 서울중앙성원은 대한민국에 이슬람교와 아랍문화를 알리고, 이슬람 국가와의 원만한 교류를 위해 설립되었다. ",https://korean.visitseoul.net//data/POST/20171219//201712191537068431,평점:4.5,125 ,서울 용산구 우사단로10길 39
26,동대문디자인플라자 (DDP),2006년 서울특별시청이 계획한 동대문디자인플라자(DDP)는 2014년 3월 21일 문을 열었다. ,https://korean.visitseoul.net//data/POST/20210907//202109071535511031,평점:4,2231 ,"서울 중구 을지로 281 (을지로7가, 디자인장터)"
27,국립중앙박물관,한국 역사와 문화의 정수가 살아 숨 쉬는 국립중앙박물관은 연간 350만명의 관람객을 맞이하는 한국 최대 규모의 국립 박물관입니다. 세계 많은 나라의 문화를 소개하는 세계문화관과 최첨단 디지털 기술로 구현된 실감영상관 및 VR체험관에서 더욱 즐거운 국립중앙박물관을 만나보세요!,https://korean.visitseoul.net//data/POST/20200611//202006111757467071,평점:4.5,2413 ,서울 용산구 서빙고로 137 (국립중앙박물관)
28,덕수궁돌담길,"기존의 도로를 보행자 중심의 도로로 재정비하고, 보행자를 위해 보도와 차도 공존도로 및 푸르름이 가득한 가로공간인 녹도의 개념을 복합적으로 도입한 우리나라 최초의 사례로 길이는 900m이다.",https://korean.visitseoul.net//data/POST/20171113//201711131828339871,평점:4.5,,"서울 중구 세종대로19길 24 (정동, 영국대사관)"
29,국립서울현충원,"국립현충원은 나라와 민족을 위해 순국한 영령들이 안장된 국립묘지이다. 국가유공자의 유골, 유해를 안장하고, 그 충과 의를 기리기 위해 설립되었다. ",https://korean.visitseoul.net//data/POST/20211125//202111251256179771,평점:4.5,49 ,"서울 동작구 현충로 210 (동작동, 국립현충원)"
30,문화역서울 284,문화역서울284는 일제 강점기 당시 건축된 서울역사로 현재는 복합문화공간으로써 사용되고 있다.,https://korean.visitseoul.net//data/POST/20170817//201708171718533831,평점:4,234 ,서울 중구 통일로 1 (서울역 본옥)
31,명동성당,"명동성당은 우리나라 최초의 본당이며 한국 천주교회의 상징이다. 고종 29년(1892)에 착공, 광무 2년(1898)에 준공되었다. ",https://korean.visitseoul.net//data/POST/20190614//201906141714271521,평점:4.5,1112 ,서울 중구 명동길 74 (명동성당)
32,양화진외국인선교사묘원,양화진외국인선교사묘원은 서울 마포구 합정동에 위치한 외국인 선교사들의 공동묘지이다.,https://korean.visitseoul.net//data/POST/20161208//201612081320519291,평점:5,14 ,"서울 마포구 양화진길 46 (합정동, 양화진홍보관)"
33,국회의사당,"여의도에 위치한 국회의사당은 한국의 민주주의와 인권을 상징하는 건물이다. 국회의사당 본관이 있고 그 오른쪽에는 국회도서관이, 왼쪽에는 의원회관이 있다. ",https://korean.visitseoul.net//data/POST/20160113//0113172200415-665f3086f2b74566a1fb00873d75dec3.jpg,평점:4,62 ,서울특별시 영등포구 의사당대로 1  (여의도동)
34,예술의 전당 한가람미술관,한가람미술관은 예술의 전당 전면의 왼쪽에 위치해 있다. ,https://korean.visitseoul.net//data/POST/20170927//201709271003474961,평점:4.5,882 ,서울특별시 서초구 남부순환로 2406  (서초동)
35,청와대,"서울 종로구에 자리해 있는 청와대는 대한민국 대통령의 관저이다. 본관에는 대통령 집무실, 접견실, 회의실, 주거실 등이 있다.",https://korean.visitseoul.net//data/POST/20161206//201612061434099261,평점:4,230 ,서울 종로구 청와대로 1 (세종로)
36,국립현대미술관 서울관,국립현대미술관 서울관은 민현준 건축가에 의해 설계되어 '문화의 거리' 삼청로에 2013년 11월 개관하였다. ,https://korean.visitseoul.net//data/POST/20161019//1019171741727-2f432e21963640f3bc4374467c381f3a.jpg,평점:4.5,252 ,서울 종로구 삼청로 30 (소격동)
37,1898 명동성당 ,"‘1898 myeongdong cathedral(명동대성당)’은 많은 이들과 소통하고 나눔을 실천하고자 만들어진 복합문화공간이다. 1898년, 종현언덕에 최초로 빨간 벽돌로 만들어진 명동성당의 건축적 고딕양식을 이어받아 현대적으로 재해석하여 입체적으로 표현된 천정의 모습이 친근하지만 신선한 모습이다. ",https://korean.visitseoul.net//data/POST/20160217//0217192826136-7dc18be5f9fa4b028d9bc8c0eae5d526.jpg,평점:4.5,1112 ,"서울 중구 명동길 74 (명동2가, 명동성당)"
38,숭례문(남대문),"서울 도성의 남쪽 정문이라서 통칭 남대문(南大門)이라고 불린다. 1395년(태조 4)에 짓기 시작하여 1398년(태조 7)에 완성되었고, 1447년(세종 29)에 개축하였다. ",https://korean.visitseoul.net//data/POST/20221021//202210211510185501,평점:4,347 ,서울 중구 세종대로 40 (숭례문(남대문))
39,도산공원,도산공원은 서울 강남구 신사동에 있는 공원으로 도산 안창호의 애국정신과 교육 정신을 기리고자 조성되었다.,https://korean.visitseoul.net//data/MEDIA/20230627/0627124319983-f4ae391a9b2a4eff8188f44c97d1b31b.png,평점:4,36 ,서울 강남구 도산대로45길 20 (도산전시관)
40,조계사,서울 종로구 견지동에 있는 사찰인 조계사는 한국 불교의 중심 사찰이다. 조계라는 명칭은 혜능대사가 머물렀던 조계산에서 가져왔다고 한다. ,https://korean.visitseoul.net//data/POST/20161221//201612211644356931,평점:4.5,1050 ,서울특별시 종로구 우정국로 55 (조계사)
41,성균관 명륜당,성균관 유생들에게 학문을 가르치던 강당이었던 성균관 명륜당은 현재 성균관대 안에 위치하고 있다.,https://korean.visitseoul.net//data/POST/20161202//201612021351018981,평점:4,12 ,  서울특별시 종로구 성균관로 25-1
42,한국가구박물관,"한국가구박물관은 한국 전통 목가구 2,500여 점을 수집, 보존, 전시하는 특수 전문 박물관으로 한국의 옛 가옥 10여 채를 옮겨 놓아 실제 한옥에서 우리 가구의 쓰임새와 생활 방식을 총체적으로 볼 수 있다.",https://korean.visitseoul.net//data/POST/20170831//201708311139073021,평점:4.5,37 ,"서울 성북구 대사관로 121 (성북동, 한국가구박물관)"
43,백인제가옥,북촌 가회동에 위치한 백인제 가옥은 근대 한옥의 양식을 고스란히 보존하고 있는 대표적인 일제강점기 한옥이다.,https://korean.visitseoul.net//data/POST/20170412//201704121046356451,,,서울 종로구 북촌로7길 16 (가회동)
44,광화문광장 야경,인왕산 자락을 배경으로 600년을 내려온 서울 경관의 중심이자 우리 민족의 얼이 담긴 장소,https://korean.visitseoul.net//data/POST/20160314//0314195251946-25532c5387554f0bacc8bd1c6763feec.jpg,평점:4,743 ,서울 종로구 세종대로 지하 172
45,국립현대미술관 덕수궁관,국립현대미술관 덕수궁관은 1998년 덕수궁 내 분관으로 개관하였다. ,https://korean.visitseoul.net//data/POST/20190614//201906141727066241,평점:4,45 ,서울특별시 중구 세종대로 99 (정동)
46,서울역사박물관,"2002년, 선사 시대부터 현대까지 서울의 역사와 문화를 정리하여 보여줄 서울역사박물관이 경희궁터에 문을 열었다. ",https://korean.visitseoul.net//data/POST/20170901//201709011448055451,평점:4.5,316 ,"서울 종로구 새문안로 55 (신문로2가, 서울역사박물관)"
47,은평한옥마을,"북한산 자락, 은평구 진관동에 위치한 그림 같은 한옥마을",https://korean.visitseoul.net//data/POST/20201106//202011061859198081,,,"서울 은평구 연서로50길 8 (진관동, 은평역사한옥박물관)  은평한옥마을"
48,길상사,"옛 가옥 같은 절집도심과 10분 거리에 있는 시골 같은 동네, 계곡 양쪽으로 빈부가 마주보고 있는 성북동 중턱에 고즈넉한 길상사가 자리 잡고 있다. 백제나 신라 때 세워진 유서 깊은 절에 비해 역사는 짧지만, 개원하면서부터 지금까지 수많은 사람들의 발길이 끊이지 않는 곳이다.",https://korean.visitseoul.net//data/MEDIA/20240430/0430143639223-f738bf87b9b04776bbd4459516197c6e.jpg,평점:4.5,42 ,  서울특별시 성북구 선잠로5길 68 (성북동)
49,서대문자연사박물관,서대문자연사박물관은 서대문구에 위치한 국내 최초로 공공기관이 직접 계획하고 설립한 자연사박물관이다.,https://korean.visitseoul.net//data/POST/20171024//201710241134001261,평점:4.5,37 ,서울특별시 서대문구 연희로32길 51 (연희동)
50,코엑스,"이 컨벤션센터는 국제회의와 국제적 리셉션, 업무 세미나와 소규모 회의 같은 대형 이벤트를 제공하는 콘퍼런스홀이 특징이다.",https://korean.visitseoul.net//data/POST/20180219//201802190955269481,평점:3.0,,"서울 강남구 영동대로 513 (삼성동, 코엑스)"
51,호림박물관 (신사분관),"호림박물관 신사분관은 총 세 개의 건물로 이루어져 있으며, 그중 5층 규모의 박물관동 2, 3, 4층에서 고미술품을 비롯한 현대 작가들의 기획전을 전시하고 있다. ",https://korean.visitseoul.net//data/POST/20160113//0113153922222-675dd00696d345409b73a2203c5ee8d0.jpg,평점:5,4 ,"서울 강남구 도산대로 317 (신사동, 호림아트센터 1빌딩)"
52,SeMA 벙커 ,서울시립미술관은 한국 근현대 군사문화의 상징시설이자 서울시 미래유산인 여의도 지하벙커를 활용하여 여의도에 특화된 복합문화예술공간 SeMA 벙커로 새롭게 선보인다.,https://korean.visitseoul.net//data/POST/20171110//201711101405373051,평점:4.5,,서울 영등포구 의사당대로 지하 101 (여의도역)
53,보신각(상설타종행사),보신각은 서울 종로구 종로 2가에 있는 종각으로 서울보신각종을 걸어 놓기 위해 만든 것이다. ,https://korean.visitseoul.net//data/POST/20211217//202112171442573191,평점:4,59 ,"서울 종로구 종로 54 (관철동, 보신각)"
54,갤러리 학고재,"갤러리 학고재는 ‘옛것을 배워 새것을 만든다’는 이념을 담고 있다. 갤러리 학고재의 본관 건물은 전통 한옥으로, 신관 건물은 21세기 건축 양식으로 만들어져 개성 있게 조화를 이루고 있다.",https://korean.visitseoul.net//data/POST/20170914//201709141057084611,평점:4.5,,서울특별시 종로구 삼청로 50 (소격동)
55,화계사,화계사는 강북구 수유동 삼각산 숲 내에 위치한 사찰로 도심과도 인접해 있어 자연의 정취를 느끼고자 많은 시민이 방문하고 있다. ,https://korean.visitseoul.net//data/POST/20181022//201810221604029271,평점:5,16 ,"서울 강북구 화계사길 117 (수유동, 화계사)"
56,피규어뮤지엄W,피규어뮤지엄W는 다양한 종류의 피규어들과 장난감들이 전시된 박물관이다.,https://korean.visitseoul.net//data/POST/20160304//0304114717739-668d0b9e93fd43b6aad1e509cce07dba.jpg,평점:4.5,,"서울 강남구 선릉로158길 3 (청담동, Ys Roo)"
57,흥인지문(동대문),한성부의 동쪽을 지키던 큰 대문보물 제1호 흥인지문(興仁之門)은 옛날 중요한 국가 시설이 있던 한성부를 보호하기 위해 만든 서울 성곽의 여덟 성문 가운데 동쪽의 큰 대문에 해당한다. ,https://korean.visitseoul.net//data/POST/20171023//201710231637070211,평점:4,461 ,"서울 종로구 종로 288 (종로6가, 흥인지문)"
58,대한민국역사박물관,"대한민국역사박물관은 19세기 말 개항기부터 오늘날에 이르는 대한민국의 역사를 종합적, 체계적으로 보여주는 국내 최초의 국립 근현대사박물관이다.",https://korean.visitseoul.net//data/POST/20210517//202105172314394511,평점:4,130 ,서울시 종로구 세종대로 198 (세종로)
59,경희궁,"경희궁은 본래 인조의 아버지인 정원군의 집이었으나, 그 터에 왕기가 서려 있다는 말이 돌자 광해군이 이를 몰수해 궁궐을 지었다. ",https://korean.visitseoul.net//data/POST/20170831//201708311647368461,평점:4,121 ,서울 종로구 새문안로 45 (경희궁)
60,한성백제박물관,한성백제박물관은 송파구의 고대역사 유적지에 설립된 시립박물관으로 백제의 역사와 유적을 보존하고 있는 곳이다. ,https://korean.visitseoul.net//data/POST/20160118//0118195027996-8d0ff49ee1cb48aa9bbc96f5f2166907.jpg,평점:4,16 ,"서울 송파구 위례성대로 71 (방이동, 한성백제박물관)"
61,갤러리 현대,갤러리 현대는 사간동 갤러리 거리에서 가장 유명하다. ,https://korean.visitseoul.net//data/POST/20171023//201710231615123111,평점:4.5,,"서울 종로구 삼청로 14 (사간동, 현대갤러리)"
62,서울도서관 (옛 서울시청사),서울도서관은 옛 서울시 시청사를 개조하여 만들어진 공공도서관이다. ,https://korean.visitseoul.net//data/POST/20160118//0118095039226-f5dbf5db98064a47b591297f22c1861a.jpg,평점:4.5,20 ,서울특별시 중구 세종대로 110 (태평로1가)
63,SJ쿤스트할레," SJ쿤스트할레는 회의과 토론을 하는 문화예술적 플랫폼으로 만들어져 전시, 파티, 공연, 패션쇼, 워크숍 같은 프로그램과 연계된 일상 예술을 제공한다.",https://korean.visitseoul.net//data/POST/20180220//201802201635083231,평점:5.0,,서울 강남구 언주로148길 5 (논현동)
64,환구단(원구단),환구단은 하늘에 천자가 제사를 드리는 제천단이다. ,https://korean.visitseoul.net//data/POST/20170828//201708281742184521,평점:4,19 ,소공로 106 (소공동)
65,대오서점,서울에서 가장 오래된 서점으로 알려진 대오서점은 경복궁역에서 약 5분 거리에 위치해 있다. ,https://korean.visitseoul.net//data/MEDIA/20240516/0516151430461-8ef0b219bb774d3dbf5467d1278c342e.jpg,,,서울특별시 종로구 자하문로7길 55  (누하동)
66,정동길,"정동길에 붙는 수식어들이 몇 개 있다. 서울에 몇 안 남은 고풍스러운, 인사동이나 삼청동처럼 사람으로 들끓지 않고 여유로운 분위기를 잘 지킨, 산책하기 좋은, 문화적 냄새가 물씬 풍기는, 장사꾼들의 야단스러움으로부터 해방될 수 있는 유일한 동네, 가로수가 예쁜 거리 등등. 모두 맞는 말이다.",https://korean.visitseoul.net//data/POST/20171219//201712191333009741,평점:4,7 ,서울 중구 정동길 2 (충정로1가)
67,반포대교 야경,반포대교는 용산구와 서초구를 잇는 2층 교량으로 무지개 분수 쇼와 여의도 불꽃축제 기간에는 불꽃놀이를 구경할 수 있는 곳이다.,https://korean.visitseoul.net//data/POST/20210701//202107011502143971,평점:3.5,270 ,서울 서초구 올림픽대로 2085-14
68,아라리오뮤지엄 인 스페이스,"아라리오뮤지엄은 ㈜아라리오의 창업자인 김창일 회장이 설립한 아트뮤지엄이다. 서울에 설립된 아라리오 뮤지엄은, 김수근 건축가의 대표작인 동시에 그의 사무실과 자택으로도 사용되는 등 건축사적으로 의미가 깊다. ",https://korean.visitseoul.net//data/POST/20170210//201702101643481601,평점:4.5,62 ,서울 종로구 율곡로 83 (원서동)
69,서울광장,서울에서 신발을 벗고 걸을 수 있는 곳. 따스한 햇살을 이불 삼아 낮잠을 청할 수 있는 곳. 바로 서울광장이다. ,https://korean.visitseoul.net//data/POST/20160108//0108160123349-8074de945cd24b09948f456e9e909653.png,평점:4,132 ,  서울특별시 중구 세종대로 110 (태평로1가)
70,"태릉, 강릉",태릉과 강릉은 서울 노원구 화랑로에 위치한 조선시대 왕릉으로 태릉과 강릉 중간 지역엔 대한체육회에서 운영하는 태릉선수촌이 있다. ,https://korean.visitseoul.net//data/POST/20170825//201708251740217631,평점:4,8 ,"서울 노원구 화랑로 681 (공릉동, 태강릉)"
71,운현궁 ,운현궁은 조선 후기 흥선대원군의 사가이다. 흥선대원군의 둘째 아들 고종이 출생하여 왕위에 오르기 전까지 성장한 곳이다. ,https://korean.visitseoul.net//data/POST/20170831//201708311656414381,평점:4,150 ,서울 종로구 삼일대로 464 (운현궁)
72,창경궁 대온실 ,창경궁 내부에 위치한 대한민국 최초의 대온실,https://korean.visitseoul.net//data/POST/20210413//202104131647056071,평점:4.5,,"서울 종로구 창경궁로 185 (와룡동, 창경궁)"
73,정릉,"정릉은 태조의 계비 신덕왕후의 능으로, 극진히 사랑했던 신덕왕후가 갑자기 승하하자 태조는 도성 안 덕수궁 뒤편에 능역을 조성했다. ",https://korean.visitseoul.net//data/POST/20170901//201709011507153681,평점:4,32 ,"서울 성북구 아리랑로19길 116 (정릉동, 정릉)"
74,국립민속박물관,"우리의 삶과 일상에 대한 연구 경복궁을 돌아 삼청동 입구 쪽으로 빠져나가는 길목, 매우 독특한 외형의 건물과 만난다.",https://korean.visitseoul.net//data/MEDIA/20240701/0701141339004-497bd4c2dc4c495bb7ac74bf2fedd9b8.jpg,평점:4.5,987 ,"서울 종로구 삼청로 37 (세종로, 국립민속박물관)"
75,약현성당,중구 중림동에 있는 약현성당은 우리나라 최초의 서양식 벽돌조 고딕성당이다. ,https://korean.visitseoul.net//data/POST/20171024//201710241601563171,,,서울시 중구 청파로 447-1
76,겸재정선미술관,"겸재정선미술관은 서울 강서구 양천로에 위치해 있으며 지하 1층, 지상 3층으로 이루어져 있다. ",https://korean.visitseoul.net//data/POST/20160110//0110115356196-85fd40ce7c3a49e6b6da2b3dae92ca35.jpg,평점:4.5,2 ,"서울 강서구 양천로47길 36 (가양동, 겸재정선미술관)"
77,동대문역사관 상설전시실 재개관,옛 동대문운동장 부지의 역사를 한눈에 볼 수 있는 상설전시,https://korean.visitseoul.net//data/POST/20200811//202008111341499451,평점:4.0,,"서울 중구 을지로 281 (을지로7가, 2-1)  동대문역사공원 내 동대문역사관"
78,한국은행화폐박물관,"한국은행본관에서는 국내·외 화폐 20,000여 점의 전시를 비롯해 화폐의 제조과정부터 한국 경제의 발전과정까지 방대한 자료를 제공하고 있다. ",https://korean.visitseoul.net//data/POST/20210625//202106251739469231,평점:4,87 ,"  서울특별시 중구 남대문로 39, 한국은행건물 (남대문로3가)"
79,가나아트센터,"전시, 공연, 아카데미, 옥션이 함께하는 가나아트센터는 세계적인 건축가 장 미셸 빌모트(Jean Michel Wilmotte)가 설계한 850평 규모의 복합문화 공간이다.",https://korean.visitseoul.net//data/POST/20170831//201708311125198581,평점:4.5,,서울 종로구 평창30길 28 (가나아트센타)
80,아름다운 차박물관,"종로구 인사동에 위치한 아름다운 차 박물관에서는 차와 관련된 유물을 수집, 관리 및 전시하고 있다.",https://korean.visitseoul.net//data/POST/20160930//0930162527897-523b756830424a89a4c17c5abb02420e.jpg,평점:4,22 ,서울 종로구 인사동길 19-11
81,송은(SONGEUN),"송은은 송은미술대상, 국내외 작가 개인전, 특정 국가 기획전 및 컬렉션전 등의 기획전시와 더불어 국내외 동시대 미술을 조명하고 미술과 대중을 연결하고자 다양한 프로그램을 선보이는 비영리 문화공간이다.",https://korean.visitseoul.net//data/POST/20220110//202201101138542241,평점:5,2 ,서울 강남구 도산대로 441 (청담동)
82,스튜디오 콘크리트,스크린과 브라운관을 넘나들며 명품 연기로 사랑받고 있는 유아인은 1980년대 출생의 아티스트들이 모인 창작 집단 ‘스튜디오 콘크리트’를 이끌고 있다. ,https://korean.visitseoul.net//data/POST/20161226//201612260249404711,평점:4.0,,서울 용산구 한남대로 162 (한남동)
83,진관사,고려시대 고찰인 진관사는 고려 현종이 진관조사를 위해 지은 절이다. ,https://korean.visitseoul.net//data/POST/20200706//202007061740572581,평점:4.5,18 ,서울특별시 은평구 진관길 73 (진관동)
84,사육신공원,사육신공원은 한강대교와 노량진역 언덕에 있는 서울특별시 유형문화재 8번 사육신묘를 가꾸어 만들어졌다.,https://korean.visitseoul.net//data/POST/20170831//201708311143562771,평점:3.5,11 ,"서울 동작구 노량진로 191 (노량진동, 사육신묘지공원)"
85,롯데월드 민속박물관,"잠실 롯데월드 내 자리한 롯데월드 민속박물관은 시대별로 유물이 전시된 역사전시관, 조선시대 궁중의 의례장면을 축소 후 재현해 놓은 모형 촌, 전통공예품 제작과정을 볼 수 있는 저잣거리, 놀이마당 등으로 구성되어 있다. ",https://korean.visitseoul.net//data/POST/20160113//0113175418151-19931e8c0c804eaea6010e3806c531e7.jpg,평점:4.5,48 ,"서울 송파구 올림픽로 240 (잠실동, 롯데월드)"
86,배재학당역사박물관,"배재학당역사박물관은 한국 최초의 서양식 학교건물이자 근대식 중등 교육기관이다. 옛 배재학당의 교실로 사용된 바 있으며 현재는 상설전시관, 기획전시관, 체험교실, 세마나실로 조성되어 있다.",https://korean.visitseoul.net//data/POST/20200805//202008051325211191,평점:4.0,,"서울특별시 중구 서소문로11길 19, 배재정동빌딩 동관 (정동)"
87,경교장,경교장은 대한민국 임시정부의 주석이었던 백범 김구(金九)가 사용했던 개인 사저로 서울 종로구에 있다.,https://korean.visitseoul.net//data/POST/20170831//201708311121225691,평점:4.5,6 ,서울 종로구 새문안로 29 (경교장)
88,세운상가,세운전자상가는 1968년 세계의 기운이 모이다 라는 뜻을 가진 국내 최초의 종합전자상가이자 40년 전통의 전자상가,https://korean.visitseoul.net//data/POST/20200820//202008201530285981,,,"서울 종로구 청계천로 159 (장사동, 세운상가)"
89,떡박물관,떡박물관은 우리 조상들의 슬기로웠던 삶의 모습과 숨결을 느낄 수 있는 체험공간이다.,https://korean.visitseoul.net//data/POST/20170120//201701201002192701,평점:3.5,12 ,"서울 종로구 돈화문로 71 (와룡동, 떡박물관)"
90,가회민화박물관　,가회 민화박물관은 민화 전문 박물관으로 윤열수 관장이 개인적으로 꾸준히 수집해 온 민화와 부적관계 자료 등을 일반인들에게 공개하고 보존하기 위해 설립되었다.,https://korean.visitseoul.net//data/POST/20181015//201810150946521551,평점:4.5,12 ,서울 종로구 북촌로 52 (가회동)  가회민화박물관
91,국립고궁박물관,"국립고궁박물관은 500년 역사를 자랑하는 조선시대의 왕실 유물과 문화재를 전시한다.조선시대의 왕들이 직접 쓴 글씨와 시, 각종 유물들이 전시되어 있다. ",https://korean.visitseoul.net//data/POST/20170126//201701260952291211,평점:4,200 ,"서울 종로구 효자로 12 (세종로, 국립고궁박물관)"
92,대각사,창덕궁 후원 앞에 위치한 대각사는 1911년 창건되었다.,https://korean.visitseoul.net//data/POST/20190614//201906141711539501,평점:4.5,,서울 종로구 율곡로10길 87 (대각사)
93,김종영 미술관,김종영 미술관은 한국현대조각의 선구자로 불리는 조각가 김종영을 기리며 동시에 젊은 작가들을 후원하기 위해 설립되었다. ,https://korean.visitseoul.net//data/POST/20170926//201709261739404801,평점:4.5,,서울특별시 종로구 평창32길 30  (평창동)
94,국립중앙박물관 어린이박물관,국립중앙박물관 어린이박물관에는 다양한 옛사람들의 생활 모습을 전시하고 있다. ,https://korean.visitseoul.net//data/POST/20220531//202205311804144871,평점:4.5,25 ,"서울 용산구 서빙고로 137 (용산동6가, 국립중앙박물관)"
95,서울대학교 미술관 MoA,서울대학교 미술관 MoA는 대학교 건물 사이에 자리 잡고 있다. 세계적인 건축가 렘 쿨하스가 설계한 건물로 전시와 교육이 함께 진행된다. ,https://korean.visitseoul.net//data/POST/20170831//201708311020227761,평점:3.5,16 ,"서울 관악구 관악로 1 (신림동, 서울대학교)  서울대학교 미술관 (서울대학교 내)"
96,국제갤러리,1982년 개관한 국제갤러리는 대표적인 국내 화랑으로서 세계적으로 유명한 현대미술 작가의 작품과 그 흐름을 접하고 감상할 수 있는 곳이다. ,https://korean.visitseoul.net//data/POST/20170831//201708311332441941,평점:4.5,6 ,  서울특별시 종로구 삼청로 54  (소격동)
97,성곡미술관,성곡미술관은 쌍용그룹 창업자 성곡 김성곤을 기념하여 그의 저택 자리에 건립되었다.,https://korean.visitseoul.net//data/POST/20171024//201710241333070031,평점:4.5,,"서울 종로구 경희궁길 42 (신문로2가, 성곡미술관)"
98,헌인릉,헌인릉은 조선 제3대 임금인 태종과 왕비의 능인 헌릉과 제23대 순조와 왕비의 인릉을 합쳐 부르는 말이다. ,https://korean.visitseoul.net//data/POST/20190805//201908050956278541,평점:4.5,5 ,서울 서초구 헌인릉길 36-10 (헌인릉)
99,만해한용운 심우장,성북동 꼭대기 북향 집서울 성북구 성북동에는 문화유산이 많다. 한성대역 입구에서 삼청각 방향으로 걷다 보면 길의 좌우로 수많은 역사 유적들이 얼굴을 내민다. ,https://korean.visitseoul.net//data/POST/20160108//0108120101801-1c544a31a5914d76aec7f3bbb5a81696.jpg,평점:4.0,,서울 성북구 성북로29길 24 (만해 한용운 심우장)
100,국립어린이민속박물관,국립어린이민속박물관에서는 어린이를 대상으로 한국의 전통문화를 직접 배울 수 있는 체험프로그램을 제공한다.,https://korean.visitseoul.net//data/POST/20170901//201709011143393991,평점:4,18 ,"서울 종로구 삼청로 37 (세종로, 국립민속박물관)"
101,경인미술관,인사동 한옥의 매력이 느껴지는 전통 미술관,https://korean.visitseoul.net//data/MEDIA/20230630/0630113244497-7e717961e6b04458b1995d1e39e13b03.jpg,평점:4.5,8 ,서울 종로구 인사동10길 11-4
102,서울시립과학관,서울시립과학관은 서울시가 청소년의 기초과학 이해를 돕고 과학의 대중화를 위해 건립한 최초의 시립과학관이다.,https://korean.visitseoul.net//data/POST/20171117//201711171717464881,,,"서울 노원구 한글비석로 160 (하계동, 서울시립과학관)"
103,대한성공회서울주교좌성당(서울성공회성당),대한성공회 서울주교좌성당은 서울 중구 정동에 위치해 있다.,https://korean.visitseoul.net//data/POST/20160110//0110151136919-87a893cbe22842f688ee9814844a4edd.jpg,평점:4.5,,구 세종대로21길 15 (정동)
104,구암공원,구암공원은 허준의 출생지인 서울 강서구 가양동에 위치해있다. ,https://korean.visitseoul.net//data/POST/20170817//201708171550295501,평점:4.5,,"서울 강서구 허준로5길 42 (가양동, 구암공원관리사무실)"
105,PKM갤러리,"2001년 개관한 PKM갤러리는 회화, 조각, 영상 등 다양한 매체를 다루고 있다. ",https://korean.visitseoul.net//data/POST/20160111//0111154301830-28f5d595d2044867b4ac39afe01ae08a.jpg,평점:4.5,,"서울 종로구 삼청로7길 40 (삼청동, 피케이엠 갤러리)"
106,쇳대박물관,"대한민국 유일의 자물쇠 전문 박물관, 쇳대박물관",https://korean.visitseoul.net//data/POST/20160108//0108141125336-bbc0fc3faf814e63b5f018f85c5e5fcb.png,,,서울 종로구 낙산성곽서1길 24 (이화동)
107,안중근의사기념관,안중근의사 기념관은 1909년 이토 히로부미를 사살한 독립운동가 안중근 의사를 추모하는 기념관이다.,https://korean.visitseoul.net//data/POST/20171024//201710241557196771,평점:4,26 ,"서울 중구 소월로 91 (남대문로5가, 안중근의사기념관)"
108,암사동 선사주거지,"우리나라의 대표적인 신석기시대 유적인 암사동 선사 유적지에서는 기원전 5,000년 전후의 선사시대 사람들의 생활상을 엿볼 수 있다.",https://korean.visitseoul.net//data/POST/20170829//201708291419537071,평점:3.5,,서울 강동구 올림픽로 875 (서울 암사동 유적)
109,디지털미디어시티,디지털미디어시티는 마포구에 위치한 IT 및 미디어 산업클러스터로 국내 대기업 사옥들이 입주를 하며 급격히 발전해가고 있다.,https://korean.visitseoul.net//data/POST/20171219//201712191704500651,,,포구 월드컵북로 366 (상암동)
110,국립현대미술관 서울관 갤러리아트존,"국립현대미술관과 현대자동차의 협업으로 탄생한 갤러리 아트존은 문화상품 발굴, 차세대 작가들의 전시 및 상품제작 등을 통해 관람객들과의 보다 폭 넓은 소통의 장으로 예술의 문턱을 낮춰 문화저변을 확대해나가고 있다.",https://korean.visitseoul.net//data/POST/20160425//0425195739676-b1ddd48a076847a1806be95cb517eeb0.jpg,평점:4.5,252 ,서울 종로구 삼청로 30 (소격동)  국립현대미술관
111,고려대학교 본관 및 구 중앙도서관,고려대학교 본관은 서울특별시 성북구 안암동에 있는 고려대학교의 대학본부 건물로 1981년 사적 제285호로 지정되었다. ,https://korean.visitseoul.net//data/POST/20160111//0111160750856-e9b0b1e546ea4bb48f094ec3a07694af.jpg,평점:4.5,55 ,"서울 성북구 안암로 145 (안암동5가, 고려대학교안암캠퍼스)"
112,아라리오갤러리 서울,"아시아를 대표하는 아라리오 갤러리는 서울, 천안, 중국 상하이에 운영 중이다",https://korean.visitseoul.net//data/POST/20210128//202101280948396761,평점:4.5,4 ,서울특별시 종로구 북촌로5길 84 (소격동)
113,정동제일교회,1885년 미국인 목사 아펜젤러가 마련한 정동제일교회는 한국 최초의 프로테스탄트 교회 건축물이자 한국 기독교대한감리회의 대표적인 교회이다. ,https://korean.visitseoul.net//data/POST/20170831//201708311131002101,평점:4,11 ,서울특별시 중구 정동길 46  (정동)
114,영휘원 숭인원(홍릉),청량리동에 위치한 조선 제26대 왕 고종 후비 선헌귀비 엄씨의 묘소인 영휘원은 1991년 사적 제361호로 지정되었다.,https://korean.visitseoul.net//data/POST/20170828//201708281643541251,평점:4,1 ,서울 동대문구 홍릉로 90 (영휘원)
115,서울로7017,6개 구역을 잇는 공중보행로의 기능과 녹지광장을 결합하는 살아있는 식물도감이자 1km 도심전망대이다.,https://korean.visitseoul.net//data/POST/20210617//202106171759481221,평점:4.0,,"서울 중구 청파로 432 (봉래동2가, 코레일서울본부)"
116,백범광장공원,백범광장공원은 서울 중구 회현동 남산공원을 올라가는 도중 산 중턱에 위치한다. ,https://korean.visitseoul.net//data/POST/20190307//201903071121145201,평점:4.5,,서울 중구 퇴계로8길 49-4
117,청계천박물관,"청계천박물관은 지하 2층, 지상 4층 규모로 상설전시실, 기획전시실, 교육실, 소강당 등이 마련돼 있다.",https://korean.visitseoul.net//data/POST/20161006//1006160338597-4943f595e6c14582a846722addc43db9.jpg,평점:4.5,18 ,"서울 성동구 청계천로 530 (마장동, 청계천박물관)"
118,하늘물빛 (전통 천연 염색 연구소) ,잃어버린 쪽빛을 찾아 천연염색의 맥을 되살린 가게,https://korean.visitseoul.net//data/MEDIA/20230629/0629145044960-b18a5137c390424695c426c816031ed3.jpg,,,서울 종로구 종로63라길 8 6층 옥상
119,아모레퍼시픽미술관,아모레퍼시픽 미술관은 서울시 용산의 아모레퍼시픽 신본사에 새롭게 문을 연 미술관이다. ,https://korean.visitseoul.net//data/POST/20190813//201908131004063541,,,"서울 용산구 한강대로 100 (한강로2가, 아모레퍼시픽)"
120,연세대학교 스팀슨관&언더우드관&아펜젤러관,연세대학교 스팀슨관은 신촌동 연세대학교에 있는 근대식 건물로 1981년 사적 제275호로 지정되었다. ,https://korean.visitseoul.net//data/POST/20160111//0111105913687-251ebf7704c042a983ba5aa64711a871.jpg,평점:4.5,14 ,서울특별시 서대문구 연세로 50 (신촌동)
121,세빛섬,세빛섬은 서울 도심 한가운데의 한강 수변에서 문화와 여가를 즐길 수 있는 문화 복합공간이자 랜드마크다. ,https://korean.visitseoul.net//data/POST/20210531//202105311130461621,평점:4,80 ,서울 서초구 올림픽대로 2085-14 (반포동)
122,창의문,서울 성곽의 4소문 중 하나로 북문 또는 자하문으로도 불리는 창의문은 서울 종로구 청운동에 자리해있는 조선시대 성문이다.,https://korean.visitseoul.net//data/POST/20190701//201907011137214371,평점:4,10 ,서울특별시 종로구 창의문로 118  (부암동)
123,아르코 미술관,아르코 미술관은 과거 국립서울대학교 터에 한국문화예술진흥원 산하 미술회관으로 개관되었다. ,https://korean.visitseoul.net//data/POST/20160901//0901102927815-31cf21f16c284744a415a996cadd8621.jpg,평점:3.5,2 ,"서울 종로구 동숭길 3 (동숭동, 한국문화예술진흥원)"
124,돈의문 터(옛 서대문),"돈의문은 서울 도성의 서쪽 문으로, 흔히 ‘서대문’이라고 불린다.1915년 3월 도로 확장공사를 위해 철거되었다.
",https://korean.visitseoul.net//data/POST/20171227//201712271132017631,,, 서울 종로구 평동 112
125,소극장 산울림,<고도를 기다리며>로 유명한 한국 공연문화예술의 메카,https://korean.visitseoul.net//data/MEDIA/20230629/0629161819364-a5d74a8dc6764c7980584caae53403c0.jpg,,,서울 마포구 와우산로 157
126,숙정문,"서울성곽을 이루는 사대문(四大門) 가운데 하나로, 도성의 북쪽 대문이다. 1963년 1월 21일 서울성곽에 포함되어 사적 제10호로 지정되었다",https://korean.visitseoul.net//data/POST/20190701//201907011134066941,평점:4.5,,"서울 성북구 대사관로 1 (성북동, 홍련사(조계종))"
127,일민미술관,일민미술관은 일민 김상만을 기념하여 1996년에 세운 미술관으로 종로구 세종로에 위치해있다. ,https://korean.visitseoul.net//data/POST/20171024//201710241634070241,평점:3.5,,"서울 종로구 세종대로 152 (세종로, 일민미술관)"
128,서울약령시 한의약박물관,우리나라 최대 한약 유통시장인 약령시에 있는 한의약 박물관,https://korean.visitseoul.net//data/POST/20210129//202101291254561241,평점:3.5,,"서울 동대문구 약령중앙로 26 (제기동, 서울한방진흥센터)  B2"
129,순라길,순라길은 서울 종로구 원남동에 위치해 있다. ,https://korean.visitseoul.net//data/POST/20160110//0110110020042-b3ad2a5d121147f89cfbeb87e6080279.jpg,,,서울시 종로구 서순라길 161 (권농동) 일대
130,사직단,종로구 사직동에 있는 사직단은 조선 당시 토지신과 곡물신에게 풍년을 기원하며 제사를 드리기 위해 쌓은 제단이다. ,https://korean.visitseoul.net//data/POST/20160109//0109134627045-e6878a01227e435dad4bb31a9dc2de2d.jpg,평점:4,9 ,서울 종로구 사직로9길 5 (사직단)
131,서울올림픽기념관,서울올림픽기념관은 88서울올림픽을 기념하고 올림픽 정신을 계승 및 발전하고자 설립되었다. ,https://korean.visitseoul.net//data/POST/20160113//0113142341932-f26e8166329a4990bab5b4473ae69de1.jpg,평점:4,14 ,"서울 송파구 올림픽로 424 (방이동, 올림픽공원)"
132,흑석동 효사길,흑석동 효사길은 대한민국 60~70년대의 분위기를 담고 있는 과거와 현재가 공존하는 곳으로 드라마<보고 싶다>의 촬영지로 화제가 되기도 했다. ,https://korean.visitseoul.net//data/POST/20190805//201908051518226801,평점:4.5,,"서울 동작구 흑석동 효사 4, 5길"
133,손기정기념관,손기정기념관은 손기정 선수의 뜻을 기리기 위해 손기정 선수의 모교인 양정의숙을 고쳐 그의 탄생 100주년인 2012년에 개관하였다.,https://korean.visitseoul.net//data/POST/20160114//0114171703406-b1e2a2cf8bd1429fb0938aa2e63857e7.jpg,평점:4,7 ,서울 중구 손기정로 101 (손기정 체육공원)
134,종이나라박물관,종이나라 박물관에서는 어린이와 학생들에게 종이의 역사와 한국 종이문화의 발전과정을 견학과 체험학습을 통해 소개하고 있다.,https://korean.visitseoul.net//data/POST/20221227//202212271044343021,평점:4.0,,"서울 중구 장충단로 166 (장충동1가, 종이나라빌딩)"
135,몽촌역사관,올림픽공원 내에 위치한 몽촌역사관은 백제시대 대표적인 유적 들을 볼 수 있는 곳으로 몽촌토성과 풍납토성의 출토물도 전시하고 있다.,https://korean.visitseoul.net//data/POST/20190701//201907011341124201,평점:4.5,718 ,서울 송파구 올림픽로 424 (몽촌역사관)
136,허준박물관,허준박물관은 한의학을 체계화한 구암 허준을 기리기 위해 건립한 한국 최초의 한의학 전문박물관으로 구암공원 내에 위치한다.,https://korean.visitseoul.net//data/POST/20170829//201708291333115791,평점:4.5,14 ,서울특별시 강서구 허준로 87 (가양동)
137,동림매듭공방,명인의 손끝에서 탄생하는 전통매듭의 다채로움,https://korean.visitseoul.net//data/MEDIA/20230629/0629152730887-ed96fb131338451b8b3664a603c5fc1b.jpg,평점:3.5,16 ,서울 종로구 북촌로12길 10
138,세검정,1976년 서울특별시 기념물 제4호로 지정된 세검정은 예로부터 널리 알려진 정자로 이것을 중심으로 한 일대를 통틀어 가리키는 대명사로도 쓰인다. ,https://korean.visitseoul.net//data/POST/20170901//201709011501506201,평점:3.0,,서울특별시 종로구 세검정로 244 (세검정)
139,윤봉길 의사 기념관,서초구 양재동에 위치한 윤봉길의사 기념관은 지상 2층 규모로 설립되었다. ,https://korean.visitseoul.net//data/POST/20160112//0112104654628-efbd6ab8d3fd4d72bf38f1d6cef996d9.png,평점:4.5,,서울 서초구 매헌로 99
140,한상수자수박물관,무형문화재의 작품을 만날 수 있는 한국 전통 자수 박물관,https://korean.visitseoul.net//data/MEDIA/20230627/0627104944269-90f5022d12724ed28efbab104beeaaf0.jpg,평점:4.5,4 ,서울 성북구 성북로16길 4-10 (성북동)
141,국립국악원박물관,국립국악원박물관은 우리나라 최초의 국악 전문박물관으로 우리 고유음악의 장점을 배우고 느낄 수 있는 곳이다. ,https://korean.visitseoul.net//data/POST/20171016//201710161644172371,평점:4.5,11 ,"서울 서초구 남부순환로 2364 (서초동, 국립국악원)"
142,서소문성지역사박물관,서소문성지역사박물관은 조선 후기 한국 교회사를 한눈에 살펴볼 수 있는 역사박물관이다. ,https://korean.visitseoul.net//data/POST/20190813//201908131147109631,평점:4.0,,서울 중구 칠패로 5 (의주로2가)
143,정독도서관,정독도서관은 서울 시민에게 최신 정보를 제공하고 교양과 학습 등을 지원하기 위해 설립되었다. ,https://korean.visitseoul.net//data/POST/20211213//202112131132232131,,,서울 종로구 북촌로5길 48 (정독도서관)
144,신당창작아케이드,신당창작아케이드는 1917년 중앙시장 지하에 만들어진 신당지하쇼핑센터를 리모델링해 공예작가를 위한 예술 공간으로 운영되고 있다. ,https://korean.visitseoul.net//data/POST/20190805//201908051526472361,평점:4.0,,서울 중구 마장로 87 (황학동)  신당지하쇼핑센터
145,안동교회 소허당,안동교회는 서울 종로구 안국동에 위치한 장로교회이다. ,https://korean.visitseoul.net//data/POST/20160110//0110142857184-7347f5e2ce2143e58f940b97a6dd2201.jpg,평점:3.5,,서울 종로구 윤보선길 57 (안동교회)
146,뮤지엄김치간,"삼성동에 위치해 있던 풀무원김치박물관이 '뮤지엄김치간'으로 새롭게 태어났다. 뮤지엄김치간은 다양한 종류의 김치를 모형이 아닌 실물로 전시하고 있어, 직접 눈으로 관람할 수 있다.",https://korean.visitseoul.net//data/POST/20170829//201708291458258621,평점:4,79 ,서울 종로구 인사동길 35-4 (관훈동)
147,토탈미술관,"토탈미술관에는 전시장, 미술관 아카데미, 자료실, 아트숍, 야외 공연장 등이 마련되어 있다. ",https://korean.visitseoul.net//data/POST/20161208//201612081136526041,평점:4.5,2 ,서울 종로구 평창32길 8
148,아트선재센터,아트선재센터는 경주시에 있는 선재미술관의 분관,https://korean.visitseoul.net//data/POST/20201202//202012021350208241,평점:4,5 ,"서울 종로구 율곡로3길 87 (소격동, 아트선재센타)"
149,경희대학교 한의학역사박물관,"경희대학교 한의학 역사박물관에는 고전 의서, 임상기록, 한의학에 관련한 유물 등이 전시되어 있다.",https://korean.visitseoul.net//data/POST/20160114//0114164243393-7c94c127fd18486786b240bfa5e030af.jpg,평점:4.0,,"서울 동대문구 경희대로 26-6 (회기동, 경희대학교)"
150,오보코 갤러리,"복합적 문화공간인 오보코(OVOCO) 갤러리에서는 주얼리 전시를 비롯해 미술, 음악, 아카데미 등 다양한 문화행사가 이뤄지고 있다. ",https://korean.visitseoul.net//data/POST/20160118//0118150349953-528a6d517be344c0bf85c6411d3e48ae.jpg,평점:4.5,,서울특별시 성북구 선잠로5길 15  (성북동)
151,경희대학교 자연사박물관,1978년에 지어진 경희대학교 자연사박물관은 경희대학교에서 설립하고 운영하는 박물관,https://korean.visitseoul.net//data/POST/20160118//0118210713162-d972a6581573470cad2fdb6bc5c54aec.jpg,평점:4,1 ,서울특별시 동대문구 경희대로 26  자연사박물관
152,스페이스 씨,"압구정 CGV에서 세광길을 따라 5분쯤 걸으면 스페이스C에 이른다. 지하철에서 곧장 이어지는 길이 아니니 최소한의 발품은 팔아야 한다. 하지만 그 수고가 아깝지 않은 공간이다. 
",https://korean.visitseoul.net//data/POST/20160108//0108142932162-ca6534bd66684aa281b44274bc46ec66.png,평점:5.0,,"  서울특별시 강남구 언주로 827, 스페이스씨 (신사동)"
153,의학박물관 (구 대한의원) ,의학박물관(구 대한의원)은 서울대학교 의과대학에 있는 조선 말기의 건물이다. ,https://korean.visitseoul.net//data/POST/20171024//201710241610006481,평점:4,11 ,서울특별시 종로구 대학로 101 (연건동)
154,인천국제공항 제 1터미널 서울관광정보센터 (동편),인천국제공항 동편에 위치한 인천국제공항 서울관광정보센터는 한국을 방문하는 해외 여행객들을 위해 연중무휴 열려있다.,https://korean.visitseoul.net//data/POST/20160119//0119100720696-7481c8b63ac2469fb0e4c4fdf273b1de.jpg,,,"인천 중구 공항로 272 (운서동, 인천국제공항여객터미널)  1층 입국장 5번출구"
155,영학정,옛 군사들의 훈련장이었던 영학정은 양궁장·국궁장·정자로 이루어져 있다.,https://korean.visitseoul.net//data/POST/20170831//201708311014476071,,,서울 양천구 목동동로 316-8 (영학정)
156,북촌동양문화박물관,북촌한옥마을이 자리한 북촌동양문화박물관에서는 설립자 권영두 과장이 30년 동안 수집 및 소장한 한국과 아시아 문화 예술품을 전시하고 있다. ,https://korean.visitseoul.net//data/POST/20160113//0113164121524-1a52c4a577f34c659a0c3f0f617dcd41.jpg,평점:4,4 ,서울 종로구 북촌로11길 76
157,김포공항관광정보센터,김포공항 국제선 입국장 내 자리한 김포공항관광정보센터는 국제선 청사 1층에 위치해 있다.,https://korean.visitseoul.net//data/POST/20160119//0119095436821-049629d5f8e442799f4df30df227c204.jpg,,,"서울 강서구 하늘길 38 (방화동, 김포공항(국제청사))"
158,생각꿈틀미술관,생각꿈틀미술관은 서울 서초구 서초동에 위치한 미술관이다. ,https://korean.visitseoul.net//data/POST/20160110//0110120229926-4b3f3ac702e44319bdda9b3e78075b4d.png,평점:4.5,,"서울특별시 서초구 동산로 55, 언남고등학교 내 언남문화체육센터 (양재동)"
159,금호미술관,경복궁 근처에 위치한 금호미술관에서는 기성작가의 기획전을 비롯해 뛰어난 신인 작가의 기획전을 동시에 감상할 수 있다.,https://korean.visitseoul.net//data/POST/20170817//201708171603117621,평점:4.5,,"서울 종로구 삼청로 18 (사간동, 금호미술관)"
160,춘원당 한의약박물관,"2008년 개관한 춘원당 한방박물관은 탕전실, 품질검사실 및 문화공간, 진료실, 치료실 등으로 총 지하 1층, 지상 6층으로 이뤄져 있다.",https://korean.visitseoul.net//data/POST/20170825//201708251735437261,평점:4,3 ,서울 종로구 돈화문로9길 27 (춘원당한방박물관)
161,풍납토성,풍납토성은 서울 송파구 풍납동에 있는 백제시대 토성 터이다.,https://korean.visitseoul.net//data/POST/20160930//0930152519655-3b28d46ed9674828bbe7bf770a183725.jpg,,,서울특별시 송파구 한가람로20길 30 (풍납동)
162,의릉,성북구 석관동 한국예술종합학교 내부에 자리해 있는 조선 20대 왕 경종과 선의왕후의 무덤인 의릉은 일반적으로 나란히 놓이는 쌍릉과 달리 왕과 왕비의 능이 앞뒤로 배치돼 있다.,https://korean.visitseoul.net//data/POST/20160113//0113132918823-43ceb226b02447988916083b81b3a843.jpg,평점:4,2 ,서울 성북구 화랑로32길 146-37 (의릉)
163,공평도시유적전시관,땅 속에 묻혀 있던 조선 초기~일제 강점기 600년 역사를 한눈에 볼 수 있는 <공평도시유적전시관>이 서울 종로 공평동에 개관했다. ,https://korean.visitseoul.net//data/POST/20180920//201809201107397171,평점:5.0,,서울 종로구 우정국로 26 (센트로폴리스 지하 1층)
164,효자베이커리,콘브레드가 유명한 서촌 1호 빵집,https://korean.visitseoul.net//data/MEDIA/20230629/0629162200116-0e6362cbfeb542e49f5d8c7569b59f20.jpg,,,서울 종로구 필운대로 54
165,서울중앙우체국,"서울의 중심부인 명동에 위치한 서울중앙우체국은 스카이홀의 해외 비즈니스 고객에 알맞은 동시통역뿐만 아니라, 다목적용으로 쓸 수 있는 편안하고 효율적인 회의장과 리셉션홀도 제공하고 있다.",https://korean.visitseoul.net//data/POST/20180213//201802131305384051,평점:4.5,,"서울 중구 소공로 70 (충무로1가, 서울중앙우체국청사)"
166,위안부 '기억의 터',‘기억의 터’는 위안부 피해자 할머니들을 기리는 추모공원이다.,https://korean.visitseoul.net//data/POST/20161108//201611081717288011,평점:4.0,,서울 중구 퇴계로26가길 6 (예장동)  서울종합방재센터
167,고궁을 찾다,조선시대의 궁궐이 다섯 개 남아 방문객들에게 과거 궁중에서의 삶에 대해 짐작하게 해준다. ,https://korean.visitseoul.net//data/POST/20160125//0125183130402-a842253ea35a4e2b9f4260614bc57f0d.jpg,평점:4.5,,
168,초전섬유퀼트박물관,초전섬유퀼트박물관은 1998년에 설립된 섬유 및 퀼트 작품을 전시하는 박물관이다.,https://korean.visitseoul.net//data/POST/20160114//0114143149549-0c63289cedcb42fb95adef5782381d41.jpg,평점:2,1 ,서울 중구 퇴계로18길 66 (제일빌딩)
169,경찰박물관,국민과 경찰이 함께하는 역사와 체험의 복합문화공간	,https://korean.visitseoul.net//data/POST/20170201//201702011541053861,평점:4.0,,"서울 종로구 새문안로 41 (신문로2가, 경찰박물관)"
170,금박연,조선왕실 비단에 금박을 새기던 가업이 계승된 곳,https://korean.visitseoul.net//data/MEDIA/20230629/0629120017324-44b1f541c9de45ba90e493d8afe85842.jpg,,,서울 종로구 북촌로12길 24-12
171,경희대학교 중앙박물관,경희대학교 중앙박물관은 경희대학교 부속 박물관으로 1955년 설립되었다. ,https://korean.visitseoul.net//data/POST/20160114//0114165326156-52630753f1894cc886105c89c5ea154b.jpg,평점:4.5,126 ,서울특별시 동대문구 경희대로 26 경희대학교 서울캠퍼스   중앙도서관 4층
172,혜화문,1397년(태조 5) 도성을 에워싸는 성곽을 쌓을 때 도성의 북동방에 설치한 문(門)이다.,https://korean.visitseoul.net//data/POST/20190701//201907011131197851,평점:5.0,,"서울 종로구 창경궁로 307 (혜화동, 혜화문)"
173,송월동 일대,"종로구 송월동 일대에는 덕수궁, 서울역사박물관, 경희궁, 숭례문, 서대문형무소역사관, 독립문 등 대한민국의 다양한 역사적 유적지들이 위치해 있다.",https://korean.visitseoul.net//data/POST/20160118//0118131017733-70cd6698d1064342bb4a296c0da1a48b.jpg,평점:4.5,,  서울특별시 종로구 송월동 일대
174,목인박물관,목인박물관은 서울 종로구 인사동에 위치한 목 조각 전문박물관이다. ,https://korean.visitseoul.net//data/POST/20171024//201710240936235051,평점:4.5,,서울특별시 종로구 인사동11길 20  (견지동)
175,아원공방,"갤러리 구경과 쇼핑을 함께 즐길 수 있는 금속공예샵
",https://korean.visitseoul.net//data/MEDIA/20230630/0630115502764-12030ebc3bbc4a0d96aee1b6ed1bfb8a.jpg,평점:4.0,,서울 종로구 북촌로5가길 3
176,예술가의 집 (구 서울대학교 본관),대학로의 한국문화예술위원회 건물은 로마네스크 풍의 붉은 석조 건물로 시선을 끈다. 1928년 지어졌으니 80년이 된 건물이다.,https://korean.visitseoul.net//data/POST/20160112//0112094916239-d5addba9efa644d999c57cdc4891c3cb.png,평점:3.5,,  서울특별시 종로구 동숭길 3 (동숭동)
177,국립중앙도서관,국립중앙도서관은 한국의 지적문화유산을 체계적으로 수집해 보관하고 있는 우리나라 대표 도서관이다. ,https://korean.visitseoul.net//data/POST/20170901//201709011152173761,평점:4.5,11 ,초구 반포대로 201 (반포동)
178,방이동 백제고분군,방이동 백제고분군은 사적 제270호로 지정된 방이동 일대에 있는 백제전기의 무덤들이다. ,https://korean.visitseoul.net//data/POST/20170831//201708311350453391,평점:4.0,,서울특별시 송파구 오금로 219 (방이동)
179,이음피움 봉제역사관,"이음피움 봉제역사관은 동대문 패션타운의 배후생산기지인 창신동에 자리 잡고 있으며, 우리의 삶과 함께 해온 봉제 산업을 다양한 관점에서 조망하는 도심 속 문화역사공간입니다. ",https://korean.visitseoul.net//data/POST/20181120//201811201517122641,평점:4.5,,"서울 종로구 창신4가길 26 (창신동, 이음피움 봉제역사관)"
180,서울하수도과학관,국내외 하수도의 역사⸳기술⸳미래상을 전시하고 있는 과학관과 하수처리시설을 직접 견학할 수 있는 물재생센터를 함께 운영하는 현장 중심형 공간입니다.,https://korean.visitseoul.net//data/POST/20200720//202007201445553621,평점:4.5,,서울 성동구 자동차시장3길 64 (용답동)  서울하수도과학관
181,성균관대학교,성균관대학교는 서울 종로구에 위치한 인문사회과학캠퍼스와 경기도 수원시에 위치한 자연과학캠퍼스로 나뉘어 운영되고 있다.,https://korean.visitseoul.net//data/POST/20161122//201611221426210581,평점:4.0,,"서울 종로구 성균관로 25-2 (명륜3가, 성균관대학교)"
182,살곶이다리（전곶교）,조선시대의 석조 다리인 살곶이다리는 1967년 사적 제160호로 지정되었다가 2011년 보물 제1738호로 승격되었다. ,https://korean.visitseoul.net//data/POST/20160926//0926162312791-3912510db66b44a08227a4eac0e6cd60.jpg,,,  서울 성동구 행당동  58
183,호미화방,한국 미술 발전의 함께한 홍대 앞 화방,https://korean.visitseoul.net//data/MEDIA/20230629/0629153445575-4ef4a60b6a22446eb4b690f1e471ffe0.jpg,평점:4.5,,서울 마포구 홍익로3길 20 1층
184,아라아트센터,인사동에 위치하는 아라아트센터는 기획 전시 공간에 대한 바람에서 고안된 곳이다.,https://korean.visitseoul.net//data/POST/20180213//201802131501151591,평점:4.5,,서울 종로구 인사동9길 26 (견지동)
185,북촌마을관광안내소,"북촌마을안내소는 정독도서관 내 부지를 활용하여 2014년 8월 건립되었으며 영어, 일본어, 중국어가 가능한 관광안내사를 통해 관광객을 위한 관광정보 제공 및 통역 안내서비스를 제공한다. ",https://korean.visitseoul.net//data/POST/20181024//201810241734499861,,,"서울 종로구 북촌로5길 48 (화동, 정독도서관)  정독도서관 부지내, 서울교육박물관 앞"
186,인천공항 제2여객터미널 관광정보센터 ,인천공항 제2여객터미널에 위치한 관광정보센터로 2018년 1월 18일에 개관하였다. ,https://korean.visitseoul.net//data/POST/20221027//202210271332431661,,,인천광역시 중구 제2터미널대로 446  인천국제공항 제2여객터미널 1층 입국장
187,청원산방,전통공예 방식으로 창호를 만드는 장인의 공방,https://korean.visitseoul.net//data/MEDIA/20230714/0714112437935-dde7a142ff8441ec9b09018077c2f677.jpg,평점:4.5,,서울 종로구 북촌로6길 27 (계동)
188,카이스갤러리,청담동은 오래전부터 서울 갤러리 문화의 한축으로 자리매김했다. 1997년 게르하르드 리히터(Gerhard Richter)를 시작으로 국내외 주요 작가들의 작품을 전시해온 카이스갤러리도 그 중 하나다. ,https://korean.visitseoul.net//data/POST/20170921//201709211707014491,평점:3.5,,서울 강남구 언주로174길 13 (신사동)  1층
189,갤러리 팩토리,살롱 드 팩토리는 서울 마포구 서교동에 위치한 카페다. ,https://korean.visitseoul.net//data/POST/20161208//201612081131366371,평점:4.0,,서울 종로구 자하문로10길 15
190,짚풀생활사박물관,종로구 명륜동에 위치한 짚풀생활사박물관은 사립박물관으로 청담동에서 운영되다가 옮겨져 왔다.,https://korean.visitseoul.net//data/POST/20170825//201708251729080701,,,서울 종로구 성균관로4길 45 (명륜2가)
191,광희문,시구문(屍軀門) ·수구문(水口門)이라고도 하였으며 서소문(西小門)과 함께 시신(屍身)을 내보내던 문이다.,https://korean.visitseoul.net//data/POST/20190701//201907011127537901,평점:4,8 ,서울 중구 퇴계로 350 (신당동)
192,홍지문 탕춘대성,홍지동에 자리한 탕춘대성의 성문인 홍지문은 조선시대 숙종 41년에 서울 도성과 북한산성을 보완하기 위해 세워졌다.,https://korean.visitseoul.net//data/POST/20170829//201708291326521031,평점:3.0,,서울특별시 종로구 세검정로 212 (홍지동)
193,서울도시건축전시관,"시민들이 도심 내 휴식을 향유하는 동시에 도시, 건축에 관심있는 모든 국내외인들에게 관련 자료를 공유하고 관련 전시 및 행사를 체험하는 곳입니다.",https://korean.visitseoul.net//data/POST/20200529//202005291506314501,,,서울 중구 세종대로 119 (태평로1가)
194,원효로성당,원효로성당은 서울 용산구 원효로에 위치해 있으며 서울 용산신학교와 나란히 세워져 있다. ,https://korean.visitseoul.net//data/POST/20170914//201709141119566671,평점:3.0,,서울 용산구 원효로19길 49 (원효로4가)
195,명신당필방,예술가들과 함께 성장한 문방사우 가게,https://korean.visitseoul.net//data/MEDIA/20230629/0629145327071-93bf1ca7fa4c41d9b050442a1772bbee.jpg,평점:4.5,,서울 종로구 인사동길 34
196,서울도시재생이야기관,서울도시재생이야기관은 도시재생에 대한 정보와 비전을 나누고 도시재생을 함께 만드는 사람들의 발자취를 공유하는 공간입니다. ,https://korean.visitseoul.net//data/POST/20200727//202007271640377471,평점:4.5,,"서울 종로구 송월길 2 (신문로2가, 서울도시건축센터)"
197,구 공업전습소 본관(구 중앙시험소 청사),종로구 동숭동에 위치한 구공업전습소보관은 1981년 사적 제289호로 지정되었고 1906년 대한제국 때 설립된 것으로 알려져 있다.,https://korean.visitseoul.net//data/POST/20160927//0927142445603-ef2d5b0e47ea4425969cf1c2a2dd9862.jpg,평점:3.5,,서울 종로구 대학로 86  한국방송통신대학교 역사관
198,광화문 관광안내소,"광화문에 위치한 관광안내소로 서울을 방문하는 여행객들에게 여행 정보, 통역 안내 서비스, 예약 서비스, 관광홍보물, 편의시설을 제공한다.",https://korean.visitseoul.net//data/POST/20181026//201810261653267221,평점:3.5,,서울 종로구 세종대로 145-2 (광화문빌딩)  동화면세점 앞
199,안녕인사동 ,"안녕인사동은 어제, 오늘, 내일을 잇는 공간을 담아 추억과 즐거움을 선사하는 문화복합몰이다. ",https://korean.visitseoul.net//data/POST/20191217//201912171754001131,평점:4.5,,서울 종로구 인사동길 49 (관훈동)  안녕인사동
200,용산역관광정보센터,용산역 관광정보센터는 서울 용산역사에 위치해 있는 관광안내소이다.,https://korean.visitseoul.net//data/POST/20181025//201810251339115101,평점:3.0,,"서울 용산구 한강대로23길 55 (한강로3가, 용산역)"
201,동대문 관광안내소,"동대문역사문화공원역 앞에 위치한 관광안내소로 서울을 방문하는 여행객들에게 여행 정보, 통역 안내 서비스, 관광홍보물, 편의시설을 제공한다.",https://korean.visitseoul.net//data/POST/20181026//201810261704245651,평점:4.0,,서울 중구 장충단로 247 (굿모닝시티쇼핑몰)
202,소덕문 터(옛 서소문),소덕문은 도성의 서남쪽인 숭례문과 돈의문의 중간지점에 있었다. 도성의 4개의 소문(小門) 중 하나로서 태조 5년에 다른 성문들과 함께 건설되었다.,https://korean.visitseoul.net//data/POST/20190701//201907011140132811,평점:4.0,,서울 중구 서소문로 100 (중앙일보 구관)
203,영등포관광정보센터,영등포관광정보센터는 서울 서남권 중심거점이자 하루 수십만의 유동인구가 지나고 있는 타임스퀘어 광장에 2017년 9월 개관했다. ,https://korean.visitseoul.net//data/POST/20181025//201810251134294561,평점:4.0,,"서울 영등포구 영중로 15 (영등포동4가, 타임스퀘어)"
204,세운청계상가,1960년대 주상복합건물로 지어진 세운청계상가는 드라마 빈센조의 금가프라자로 등장을 하며 많은 사람들이 방문하는 핫플레이스로 자리 잡았다.,https://korean.visitseoul.net//data/POST/20210624//202106241813477851,평점:4.0,,"서울 중구 청계천로 160 (산림동, 세운청계상가)"
205,서울역사박물관 온라인 교육 서비스,"""언제 어디서나 만날 수 있는 박물관"" 서울역사박물관 온라인 교육 서비스 ",https://korean.visitseoul.net//data/POST/20200408//202004081552554411,평점:4.5,,서울 종로구 새문안로 55 (신문로2가)
206,을지다방,BTS도 반한 특제 쌍화탕이 있는 찻집,https://korean.visitseoul.net//data/MEDIA/20230630/0630152034841-ff621b7b3a1046d38f3775dd769582a6.jpg,평점:4.0,,서울 중구 을지로 124-1 2층
207,남대문시장 관광안내소,"남대문 시장에 위치한 관광안내소로 서울을 방문하는 여행객들에게 여행 정보, 통역 안내 서비스, 예약 서비스, 관광홍보물, 편의시설을 제공한다.",https://korean.visitseoul.net//data/POST/20181026//201810261635383671,평점:4.0,,서울 중구 남대문시장4길 32 (남대문코코클럽)
208,봉황각,봉황각은 1912년 천도교의 지도자를 양성하기 위해 손병희가 설립한 2층 목조 기와집의 교육시설이다. ,https://korean.visitseoul.net//data/POST/20170831//201708311053065531,,,북구 삼양로173길 107-12 (우이동)
209,종로양복점,1916년 일본 유학으로 배워 온 맞춤 양복계의 선구자,https://korean.visitseoul.net//data/MEDIA/20230714/0714110919966-c73c4ed10b334141a17a7d4a0fcf077e.jpg,평점:4.0,,서울 중구 수표로 45 (을지비즈센터)  618호 종로양복점
210,마포관광정보센터,마포관광정보센터는 홍대입구역 7번 출구에서 도보 3분 거리에 있는 관광안내소이다. ,https://korean.visitseoul.net//data/POST/20181025//201810250940489501,평점:4.0,,서울 마포구 홍익로 22 (서교동)
211,삼성출판박물관,삼성출판박물관은 출판·인쇄 문화유산을 수집 전시하기 위하여 설립한 박물관으로 종로구 구기동에 있는 사립 출판 전문박물관이다.,https://korean.visitseoul.net//data/POST/20190805//201908051528598411,평점:3.0,,"서울 종로구 비봉길 2-2 (구기동, 삼성출판박물관)"
212,ECC(Ewha Campus Complex),ECC(Ewha Campus Complex)는 이화여자대학교 캠퍼스 내에 조성한 복합 단지다. ,https://korean.visitseoul.net//data/POST/20190208//201902081921109421,평점:3.5,,"서울 서대문구 이화여대길 52 (대현동, 이화여자대학교)"
213,남산케이블카,남산의 풍광을 한눈에 조망할 수 있는 남산케이블카,https://korean.visitseoul.net//data/POST/20200831//202008311229096941,평점:4.0,,"서울 중구 소파로 83 (회현동1가, 남산케이블카)"
214,국선옻칠,문화재기능인이 만드는 한국 나전칠기의 멋 ,https://korean.visitseoul.net//data/MEDIA/20230629/0629113445108-f8cc3841697041808698f405e766ad85.jpg,평점:4.0,,서울 종로구 창경궁로 88 광장3층 2390호
215,갤러리 3안,"삼청동에 개관한 갤러리 3안은 회화, 영상, 조각, 설치 외 다양한 예술 분야를 다루고 있으며 구애받지 않는 실험 정신을 가진 아티스트들의 작품을 감상할 수 있다.",https://korean.visitseoul.net//data/POST/20180413//201804131036142141,평점:4.0,,서울 종로구 북촌로 137-7 (삼청동)
216,홍익문고,오랜 추억을 간직한 신촌 대표 서점,https://korean.visitseoul.net//data/MEDIA/20230630/0630110256479-7de1a14e06c74897b9b81c3654630a89.jpg,평점:4.0,,서울 서대문구 연세로 2
217,춘당지,창경궁 내에 있는 아름다운 춘당지,https://korean.visitseoul.net//data/POST/20211117//202111171447149281,평점:4.5,,"서울 종로구 창경궁로 185 (와룡동, 창경궁)"
218,탈방 ,다양한 종류의 전통 수공예 탈을 만나볼 수 있는 곳,https://korean.visitseoul.net//data/MEDIA/20230629/0629145856624-26229854883849ceadc7c8f152d223eb.jpg,평점:1.0,,서울 종로구 인사동길 48 (관훈동)
219,신촌역사 관광안내소,"신촌 구역사에 위치한 관광안내소로 서울을 방문하는 여행객들에게 여행 정보, 통역 안내 서비스, 예약 서비스, 관광홍보물, 편의시설을 제공한다.",https://korean.visitseoul.net//data/POST/20181026//201810261708099491,평점:4.5,,"서울 서대문구 신촌역로 30 (신촌동, 신촌민자역사)  신촌역사 내"
220,돈의문역사관,돈의문전시관은 새문안 동네의 식당으로 운영되던 건물들을 활용하여 새롭게 조성한 문화공간이다. ,https://korean.visitseoul.net//data/POST/20190502//201905021703330271,평점:4.5,,서울 종로구 새문안로 35-54 (신문로2가)
221,aT센터,"aT센터는 국제적인 전시, 컨벤션과 무역 비즈니스가 한 곳에서 이루어지는 새로운 스타일의 전시, 컨벤션센터이다.",https://korean.visitseoul.net//data/POST/20190528//201905281355287611,평점:4.5,,"서울 서초구 강남대로 27 (양재동, AT센터)"
222,통문관,국보급 문화재들이 발견된 국내 최고령 고서점,https://korean.visitseoul.net//data/MEDIA/20230630/0630101900411-be234f4d0b2349ca9fbb71087d3fa8ea.jpg,평점:4.0,,서울 종로구 인사동길 55-1
223,돌 레코드,보물 같은 사람들의 추억이 숨어 있는 중고 음반 가게,https://korean.visitseoul.net//data/MEDIA/20230630/0630154900948-e6aa26657279488fb247cae4f3fc4531.jpg,평점:4.5,,서울 중구 마장로9길 49-29
224,황학정,황학정은 국민들의 심신단련을 위해 궁술은 장려되어야 한다고 생각하는 고종황제의 뜻에 따라 지어진 유서 깊은 활터이다. ,https://korean.visitseoul.net//data/POST/20190611//201906110955183191,평점:4.5,,서울 종로구 사직로9길 15-32 (사직동)
225,서울 관광기념품 전시관•여행자지원센터,"종로에 위치한 관광안내소로 서울을 방문하는 여행객들에게 여행 정보, 통역 안내 서비스, 예약 서비스, 관광홍보물, 편의시설을 제공한다.",https://korean.visitseoul.net//data/POST/20181026//201810261639445591,평점:4.5,,서울 종로구 청계천로 85 (삼일빌딩)  앞 보도
226,삼청로 안내소,"삼청동에 위치한 관광안내소로 서울을 방문하는 여행객들에게 여행 정보, 통역 안내 서비스, 예약 서비스, 관광홍보물, 편의시설을 제공한다.",https://korean.visitseoul.net//data/POST/20181026//201810261711413551,평점:4.0,,서울 종로구 삼청로 68 (안송빌딩)
227,절두산순교성지,1866년 병인박해 때 순교한 천주교인의 신앙과 얼을 널리 알리기 위하여 서울 마포구에 1967년 10월 절두산순교기념관으로 개관한 뒤 한국천주교순교자박물관으로 이름을 바꾸었다.,https://korean.visitseoul.net//data/POST/20190507//201905071619311511,평점:5.0,,"서울 마포구 토정로 6 (합정동, 한국천주교순교자박물관)"
228,용산공예관,"공예문화의 과거와 현재, 도시와 도시를 이어주는 네트워크 플랫폼 : 용산공예관",https://korean.visitseoul.net//data/MEDIA/20231201/1201151130868-ea16e546070e4827a01255c2df3b6f6e.png,평점:4.0,,"서울 용산구 이태원로 274 (한남동, 용산공예관)"
229,봉원사,"봉원사는 신라 진성여왕 3년(889년)에 현 연세대 터에 창건한 절로, 조선 영조 24년(1748년) 때 지금의 터전으로 이전했다. ",https://korean.visitseoul.net//data/POST/20190208//201902081928206981,평점:4.5,,서울 서대문구 봉원사길 120 (봉원사)
230,이태원 관광안내소(지하),"이태원역사 내에 위치한 관광안내소로 서울을 방문하는 여행객들에게 여행 정보, 통역 안내 서비스, 예약 서비스, 관광홍보물, 편의시설을 제공한다.",https://korean.visitseoul.net//data/POST/20181026//201810261631172271,평점:4.0,,"서울 용산구 이태원로 지하 177 (이태원동, 6호선 이태원역)  이태원역사 내"
231,형제대장간 ,"예술가, 작가, 교수들이 찾아오는 인간문화재의 가게",https://korean.visitseoul.net//data/MEDIA/20230628/0628112812859-f3038ec54efa41f490fade8746035899.jpg,,,서울 은평구 수색로 249 (수색동)
232,국립한글박물관 ,"국립한글박물관은 한글과 한글문화 가치의 보존, 확산, 재창조를 위해 설립된 공간이다.	
",https://korean.visitseoul.net//data/POST/20220623//202206231749238001,평점:3.5,,"서울 용산구 서빙고로 139 (용산동6가, 국립한글박물관)"
233,박인당,대한민국명장이 새겨주는 명품 도장,https://korean.visitseoul.net//data/POST/20181011//201810111336234421,평점:5.0,,"서울 종로구 청계천로 55 (관철동, 대신빌딩)  302호"
234,서초관광정보센터,"서초관광정보센터는 문화와 예술이 자연과 함께 어우러져 있고, 패션, 뷰티와 비즈니스의 중심지인 강남역 9번 출구 뒤편에 위치해 있다.",https://korean.visitseoul.net//data/POST/20181025//201810251421508821,,,"서울 서초구 강남대로 399 (서초동, 몬테소리)"
235,학림다방,예술인들에게 사랑받은 온 서울의 최고령 카페,https://korean.visitseoul.net//data/MEDIA/20230630/0630100137249-9321d70a4428437f87eb342c7b8d7991.jpg,평점:4.0,,서울 종로구 대학로 119 2층
236,북촌목공예공방,전통탈 만들기 체험을 즐길 수 있는 북촌의 목공방,https://korean.visitseoul.net//data/MEDIA/20230629/0629121945271-84ee520017c14d2d8d904ffb630797ea.jpg,,,서울 종로구 계동6길 12
237,한신옹기,해방촌을 50년째 지키고 있는 항아리 가게	,https://korean.visitseoul.net//data/MEDIA/20230627/0627153228788-18df53b56f3849dea0a09be193b0f4c8.jpg,평점:4.0,,서울 용산구 신흥로 7 (용산동2가)
238,일자산허브천문공원,24시간 이용 가능한 천문대가 있는 허브 공원,https://korean.visitseoul.net//data/POST/20210412//202104121138262011,,,  서울 강동구 둔촌동 산86
239,근현대사기념관,근현대사기념관은 독립정신과 민주주의의 뜻을 제대로 기억하고 전파하기 위해 설립되었다. ,https://korean.visitseoul.net//data/POST/20181022//201810221001452421,평점:4.5,,서울 강북구 4.19로 114 (수유동)  근현대사기념관
240,시민청 관광안내소,"시민청 지하 1층에 위치한 관광안내소로 서울을 방문하는 여행객들에게 여행 정보, 통역 안내 서비스, 예약 서비스, 관광홍보물, 편의시설을 제공한다.",https://korean.visitseoul.net//data/POST/20181026//201810261657437251,,,"서울 중구 세종대로 110 (태평로1가, 서울특별시 청사)  지하 1층"
241,송림수제화,가장 편안한 신발을 만드는 수제화 명가,https://korean.visitseoul.net//data/MEDIA/20230630/0630161234680-18f6bb83342f4aefb7af1584c5b75d4e.jpg,평점:4.5,,서울 중구 수표로 60-1 3층
242,송파관광정보센터,송파관광정보센터는 내·외국인 관광객의 편의를 위해 설립되었다. ,https://korean.visitseoul.net//data/POST/20181025//201810251323272231,,,"서울 송파구 잠실로 180 (신천동, 송파관광정보센터)"
243,쉼박물관,쉼박물관은 잊혀져 가는 문화를 보존하고 현대 문화예술과 접목시켜 새로운 문화를 만들고자 하는 박물관이다. ,https://korean.visitseoul.net//data/POST/20190528//201905281530015031,평점:3.0,,서울 종로구 세검정로 209-17 (쉼박물관)
244,초대길,초대길은 강북구 근현대사기념관 개관을 기념하여 새롭게 기획된 둘레길 코스이다. ,https://korean.visitseoul.net//data/POST/20181022//201810221540220031,평점:4.5,,서울 강북구 4.19로 114 (수유동)  근현대사기념관 (출발)
245,납청놋전,방짜 유기장의 작품을 판매하는 곳,https://korean.visitseoul.net//data/MEDIA/20230629/0629145800688-a828a718c56e40a892e749a2de84f846.jpg,,,서울 종로구 인사동10길 5 (관훈동)
246,순희네 반찬,맛깔난 젓갈과 게장으로 유명한 광장시장 반찬가게,https://korean.visitseoul.net//data/MEDIA/20230629/0629164442965-7215c8c2c80f46f28447d87d6707a79c.jpg,평점:4.0,,서울 종로구 창경궁로 88 1층 광장시장 65-1
247,춘추사,특별한 순간을 기념하기 위한 학위복 가게,https://korean.visitseoul.net//data/MEDIA/20230630/0630113159665-fb9052a112744a24a6620dacd6b49806.jpg,평점:4.0,,서울 서대문구 이화여대8길 10
248,성우이용원,100여 년의 시간 동안 자리를 지켜온 추억의 이발소,https://korean.visitseoul.net//data/MEDIA/20230629/0629162822558-6efa6fdddc4848188b1dadd78bb553be.jpg,,,서울 마포구 효창원로97길 4-1
249,국립항공박물관	,"국립항공박물관은 서울시 강서구 김포공항 부지에 위치한 항공 분야 최초의 국립박물관으로서 항공의 과거, 현재, 미래를 한 번에 느낄 수 있는 다양한 전시와 체험관으로 구성되어있다.",https://korean.visitseoul.net//data/POST/20210712//202107121034342511,평점:4.5,,"서울 강서구 하늘길 177 (공항동, 국립항공박물관)"
250,유일한의원,전통 방식의 침술법과 약 조제까지 해주는 추억의 한의원,https://korean.visitseoul.net//data/MEDIA/20230630/0630141829697-3793af8cf49d4a7da99c61e35f876393.jpg,평점:4.5,,서울 종로구 율곡로30길 17-3
251,태극당,광복을 꿈꾸던 청년이 민족의 이상을 담아 만든 빵집,https://korean.visitseoul.net//data/MEDIA/20230630/0630150437663-4eddceb472ba4bc7a1e14ff5e8db124f.jpg,평점:4.0,,서울 중구 동호로24길 7
252,정동1928 아트센터,정동1928 아트센터는 1928년에 구세군 사관양성 및 선교와 사회사업을 위한 본부로 이용하기 위한 건축물로 완공되었다. ,https://korean.visitseoul.net//data/POST/20191202//201912021800129511,평점:4.5,,"서울 중구 덕수궁길 130 (정동, 구세군중앙회관)  정동1928 아트센터"
253,개미슈퍼,외국인들에게 더 사랑받는 120년 역사 슈퍼마켓,https://korean.visitseoul.net//data/MEDIA/20230627/0627164233287-04fd1872b57f4fd7adbc00bfc107fe46.jpg,평점:4.0,,서울 용산구 청파로85길 31 (서계동)
254,나폴레옹과자점,신안 천일염과 잣으로 유럽식 빵을 만드는 가게,https://korean.visitseoul.net//data/MEDIA/20230630/0630143131793-c1c18db31a0241e0a8457ac7fb477e7b.jpg,평점:4.5,29 ,서울 성북구 성북로 7
255,글벗서점,희귀한 고전도서 초판본들이 숨어 있는 헌책방,https://korean.visitseoul.net//data/MEDIA/20230629/0629154912653-841cf670964d45b993cdbce4f07cd69f.jpg,,,"서울 마포구 신촌로 48 지층,1층,2층"
256,내자땅콩,매일 눈 깜짝할 새 완판돼 버리는 한정 수량 땅콩 전병,https://korean.visitseoul.net//data/MEDIA/20230628/0628145159435-23af68bc467c44bb842d84df246f16eb.jpg,평점:4.5,,서울 종로구 사직로 111 (내자동)
257,서울상회,남대문을 대표하는 한국관광 기념품 가게,https://korean.visitseoul.net//data/MEDIA/20230630/0630153045510-7c5a9780323142a9a5d6fdd797130217.jpg,평점:3.5,,서울 중구 남대문시장4길 2
258,낙원떡집,한국 떡의 본가라 해도 손색없는 100년 전통 떡집,https://korean.visitseoul.net//data/MEDIA/20230628/0628115207717-ef8d973f4b124173b105621c172e2b96.jpg,평점:4.0,,서울 종로구 삼일대로 438 (낙원동)
259,연세대 캠퍼스,연세대 캠퍼스는 외관이 아름다워 영화나 드라마에도 자주 등장한다. ,https://korean.visitseoul.net//data/POST/20190208//201902081933427221,평점:4.0,,"서울 서대문구 연세로 50 (신촌동, 연세대학교)"
260,대구참기름집,북촌 한옥마을에 퍼지는 고소한 참기름 냄새,https://korean.visitseoul.net//data/MEDIA/20230627/0627104420373-011a846990c64a6c92b0eab8ce167f09.jpg,평점:4.5,,서울 종로구 계동길 67 (계동)
261,가미분식,"이대 앞 추억의 한 끼 식사, 가미 우동과 주먹밥",https://korean.visitseoul.net//data/MEDIA/20230629/0629164453073-0a4332a972c24cc08e679a81825be5e6.jpg,평점:4,10 ,서울 서대문구 이화여대8길 2 무궁화상가아파트
262,해창양복점,해창양복점은 90년 역사를 가진 소공동에서 가장 오래된 맞춤 양복점이다. ,https://korean.visitseoul.net//data/POST/20190115//201901151414304541,평점:4.0,,서울 중구 남대문로7길 33 (소공동)  소공빌딩 101호
263,성신여대 복식박물관 및 자연사박물관,성신여대 제2캠퍼스인 운정그린캠퍼스에는 있는 정원(淨源) 박광훈 복식박물관과 자연사박물관에서 전통 복식과 자연의 역사를 배워 보세요. ,https://korean.visitseoul.net//data/POST/20200806//202008061044450081,,,"서울 강북구 도봉로76가길 55 (미아동, 성신여자대학교운정그린캠퍼스)  운정그린캠퍼스 B1"
264,지대방,주인이 직접 재배한 차로 맛을 내는 전통차 전문점	,https://korean.visitseoul.net//data/MEDIA/20230629/0629163240012-d6e86633338640e182bbb1afb6687734.jpg,평점:4.5,4 ,서울 종로구 인사동길 33 2층
265,한영양복점,역대 대통령들이 찾았던 맞춤 양복점,https://korean.visitseoul.net//data/MEDIA/20230630/0630160156943-13e165f61ddc413ab8d665f1dad14a52.jpg,,,서울 중구 퇴계로20길 2
266,서울공예박물관 ,공예의 가치를 공유하며 공예의 미래를 여는 열쇠가 되기를 지향하는 박물관,https://korean.visitseoul.net//data/POST/20210719//202107191448544571,평점:4.0,,"서울 종로구 율곡로3길 4 (안국동, 서울공예박물관)"
267,공근혜갤러리,공근혜갤러리는 2005년 개관 이래로 해외 유명 사진작가들을 국내에 처음 소개하며 한국 사진계에 큰 영향력을 끼친 화랑으로 이름을 알려왔다. ,https://korean.visitseoul.net//data/POST/20180920//201809201136579171,평점:4.0,,서울 종로구 삼청로7길 38 (삼청동)
268,가원공방,서울시 무형문화재 제37호 옥장이 운영하는 공방,https://korean.visitseoul.net//data/MEDIA/20230629/0629150628949-1895dda63d634e50bc35da99a5e64cd3.jpg,평점:4.0,,서울 종로구 돈화문로6나길 45 (봉익동)
269,대림시장 감자국거리,"응암동에 위치한 대림시장 감자국거리는 1980년대 중반 이후 대림시장에 자리 잡고 있던 식당들이 돼지 등뼈와 감자, 우거지 등을 넣고 끓인 감자국을 팔기 시작하면서 감자국거리가 형성되었다. 현재는 응암동의 명소로 많은 사랑을 받고 있다. ",https://korean.visitseoul.net//data/POST/20200805//202008051502242011,평점:4.0,,서울 은평구 통일로78길 22-11 (스카이힐튼)  대림시장 감자국거리
270,스마트서울 전시관,시민의 삶을 변화시키고 스마트 도시 기술과 서비스를 직접 알아보는 스마트서울의 모습을 확인하실 수 있습니다.,https://korean.visitseoul.net//data/POST/20201125//202011251716319051,평점:4.0,,"서울 중구 세종대로 110 (태평로1가, 서울특별시청)   B1"
271,금선사,북한산자락에 위치한 아름다운 절,https://korean.visitseoul.net//data/POST/20210112//202101121200085711,평점:4.5,,"서울 종로구 비봉길 137 (구기동, 금선사)"
272,손맛김밥,2대째 통인시장을 지켜온 인기 만점 김밥,https://korean.visitseoul.net//data/MEDIA/20230629/0629161213976-c80c2498fd1c467f8324755284906824.jpg,평점:4.0,,서울 종로구 자하문로15길 18
273,어린이대공원 꿈마루,"서울의 과거와 현재, 미래가 공존하는 곳, 어린이대공원 꿈마루",https://korean.visitseoul.net//data/POST/20221104//202211041720108711,,,"서울 광진구 능동로 216 (능동, 어린이대공원)"
274,서울기록원,서울의 시정기록과 시민기록을 수집하는 서울의 대표 문화기관,https://korean.visitseoul.net//data/POST/20200819//202008191834294711,,,"서울 은평구 통일로62길 7 (녹번동, 서울기록원)"
275,삼보원,조계사 옆을 지켜온 불교용품점,https://korean.visitseoul.net//data/MEDIA/20230629/0629150459990-dc26f6944a51404db4a7bde5c46eca1e.jpg,평점:4.5,,서울 종로구 우정국로 53 (견지동)  삼보원
276,독수리다방,"소설가 성석제, 시인 기형도가 사랑했던 아지트",https://korean.visitseoul.net//data/MEDIA/20230630/0630104907597-adc3aefa0bfc48a3984b74fb1db70f88.jpg,평점:4.0,,서울 서대문구 연세로 36 독수리빌딩 8층
277,석파정,조선시대 권력자들이 사랑한 정원,https://korean.visitseoul.net//data/POST/20210430//202104301616274941,평점:4.5,,서울 종로구 창의문로11길 4-1
278,훼드라,이한열 열사를 기리는 청양고추 팍팍 최루탄 라면,https://korean.visitseoul.net//data/MEDIA/20230630/0630101120111-df324f056be8464487bc7b73bfa0ab72.jpg,평점:4.0,,서울 서대문구 연세로5길 32
279,연희사진관,빠른 촬영과 즉석 보정이 가능한 연희동 사진관,https://korean.visitseoul.net//data/MEDIA/20230630/0630111907954-f5e5ca828b9049d6b98c2c3c78dddb06.jpg,평점:4.5,,서울 서대문구 이화여대길 16
280,피터팬1978,프랑스·일본 장인의 기술이 녹아 있는 베이커리,https://korean.visitseoul.net//data/MEDIA/20230630/0630103230003-f037aaaf0217445a94f12481f75cf6f7.jpg,평점:4.5,,서울 서대문구 증가로 10
281,자하문터널,영화 기생충에 나왔던 터널,https://korean.visitseoul.net//data/POST/20210428//202104281514408361,평점:4.5,,청운동
282,경기떡집,"최연소 떡 명장이 개발한 이북식 인절미, 이티떡",https://korean.visitseoul.net//data/MEDIA/20230628/0628134304762-e9eae1ecd8aa4d0f8df815f0b199bf8e.jpg,평점:3.5,,서울 마포구 동교로9길 24 (망원동)
283,국립기상박물관,"조선시대부터 근현대까지 우리나라 기상문화를 연구하고, 보존하는 국내 최초 기상과학역사 박물관입니다. 서양보다 200여년 앞서 발명된, 세계에서 현존하는 유일한 측우기  ‘공주 충청감영 측우기(公州 忠淸監營 測雨器)’를 소장하고 있습니다.",https://korean.visitseoul.net//data/POST/20220511//202205111816431251,,,"서울 종로구 송월길 52 (송월동, 국립기상박물관)"
284,비원떡집,조선 마지막 상궁에게 비법을 전수 하여 만든 궁중떡,https://korean.visitseoul.net//data/MEDIA/20230628/0628121043621-c8198e5764ba41048f55c90c87ec4fb3.jpg,,,서울 종로구 북촌로 33-1 (가회동)
285,용산공원갤러리,"일제강점기부터 역사의 공유, 그리고 미국과의 공존까지",https://korean.visitseoul.net//data/POST/20200819//202008192122400561,평점:3.5,,서울 용산구 한강대로 237
286,김용안과자점,옛 방식으로 정성껏 만드는 전병,https://korean.visitseoul.net//data/MEDIA/20230627/0627150532613-e86083cc56dc439da9767f469d9dec8b.jpg,평점:4.5,,서울 용산구 한강대로 155-1 (한강로2가)
287,서울관광플라자 관광정보센터,"종로구 삼일빌딩에 위치한 서울관광플라자 관광정보센터는 서울의 모든 관광정보를 얻을 수 있는 열린 공간으로 한국어, 영어, 중국어, 일본어로 관광안내 서비스를 제공한다.",https://korean.visitseoul.net//data/POST/20210511//202105110338413631,평점:4.5,,"서울 종로구 청계천로 85 (관철동, 삼일빌딩)"
288,서울스카이,국내(타어권: 대한민국) 최고 높이의 롯데월드타워 가장 높은 곳에 위치한 서울스카이 전망대,https://korean.visitseoul.net//data/MEDIA/20230711/0711144915134-931c2693ce89491ab9c4e69e1c216a6f.png,,,"서울 송파구 올림픽로 300 (신천동, 롯데월드타워앤드롯데월드몰) 117~123층"
289,용산공원 부분개방부지,과거 미군 장교숙소로 활용되던 부지로 조선시대 얼음을 저장하던 서빙고가 인근에 있어 조선 초부터 ‘서빙고’로 불렸던 곳이다.,https://korean.visitseoul.net//data/POST/20220525//202205251721433211,평점:4.5,,"서울 용산구 서빙고로 221 (용산동6가, 미군 장교숙소5단지)"
290,가을단풍길(월드컵로),난지천공원을 따라 쭉 펼쳐지는 월드컵로 가을단풍길,https://korean.visitseoul.net//data/POST/20210915//202109151740284581,,,서울 마포구 월드컵로42길 9-1 (가로판매대07)
291,박노수미술관,"80년 된 고택이 미술관으로 재탄생한, 박노수미술관",https://korean.visitseoul.net//data/POST/20221129//202211291601571991,평점:4,1 ,"서울 종로구 옥인1길 34 (옥인동, 박노수 가옥)"
292,피겨앤그라운드,"지하부터 지상까지, 건물 전체가 안과 밖으로 이어진 피겨앤그라운드",https://korean.visitseoul.net//data/POST/20221116//202211161750183721,평점:3.5,,"서울 강남구 논현로153길 53 (신사동, 피겨앤그라운드)"
293,코끼리분식,공덕동에서 3대째 이어지고 있는 떡볶이 맛집,https://korean.visitseoul.net//data/MEDIA/20230628/0628162040728-1bd116094153477486fe6c3059f43f02.jpg,,,서울 마포구 도화2길 3 (도화동)
294,셋이서문학관,문학작품 전시 및 문화체험 공간,https://korean.visitseoul.net//data/POST/20200701//202007011028268931,,,서울시 은평구 진관길 23  셋이서문학관
295,KCDF갤러리,공예전시를 즐길 수 있는 복합문화공간,https://korean.visitseoul.net//data/POST/20210219//202102191305106191,평점:4.5,,"서울 종로구 인사동11길 8 (관훈동, 공예종합유통지원센터)"
296,김중업 건축문화의집,"한국 전통 양식과 서양 주택의 조화, 김중업 건축문화의집",https://korean.visitseoul.net//data/POST/20221208//202212081053450631,평점:4.5,,서울 성북구 장위로21나길 11 (장위동)
297,황해이발관,마음마저 보살펴주는 동네 인생 상담사의 이발소,https://korean.visitseoul.net//data/MEDIA/20230627/0627141232371-65e076c1515b40f589dab02e72a1267f.jpg,,,서울 강북구 솔매로 35-1 (미아동)
298,정동극장,1995년에 정동극장은 한국의 최초 근대식 극장인 원각사의 복원이라는 역사적 의미를 가지고 문을 열었다. ,https://korean.visitseoul.net//data/POST/20180208//201802081414367451,평점:4.5,,"서울 중구 정동길 43 (정동, 정동극장)"
299,서울생활사박물관,서울생활사박물관은 근현대 생활사 박물관으로 시민들의 기억들을 추억하고 교감할 수 있는 전시들과 프로그램이 운영되는 장소이다. ,https://korean.visitseoul.net//data/POST/20210727//202107271501188401,,,서울 노원구 동일로174길 27 (공릉동)  서울생활사박물관
300,한국금융사박물관,신한은행에서 운영하는 한국금융사박물관에서 더불어 발전해 온 한국 금융의 발전 모습을 한 눈에 살펴보자.,https://korean.visitseoul.net//data/POST/20220920//202209201640563181,평점:4.5,,"서울 중구 세종대로 135-5 (태평로1가, 조흥금융박물관) 3, 4층"
301,경은상사,김광석이 즐겨 찾았던 기타·베이스 전문점,https://korean.visitseoul.net//data/MEDIA/20230630/0630111227000-9620ed4c72d54992b52144d0e59c04cb.jpg,평점:3.0,,서울 종로구 삼일대로 428 낙원상가 2층 B-282호
302,전태일기념관,전태일 열사를 기념하며 시민 모두가 노동의 가치를 깨닫고 그 의미를 배우는 공간,https://korean.visitseoul.net//data/POST/20200819//202008192134450241,평점:4.5,,"서울 종로구 청계천로 105 (관수동, 전태일기념관)"
303,승진완구	,유년 시절의 추억이 서린 동대문 완구거리의 랜드마크,https://korean.visitseoul.net//data/MEDIA/20230630/0630122741838-9f974a524eef4ba5b5887741fa4e0a4b.jpg,평점:4.0,,서울 종로구 종로52길 30
304,그래픽,"골목길을 장식하는 커다란 예술작품, 그래픽",https://korean.visitseoul.net//data/POST/20221123//202211231037590981,,,서울 용산구 회나무로39길 33 (이태원동)
305,서촌한옥마을,경복궁의 서쪽에 위치한 한옥마을,https://korean.visitseoul.net//data/MEDIA/20230718/0718143136181-b4269b0121224dd6a06df14094cb9eb2.png,,,서울 종로구 필운대로 45 (누하동)
306,잠실대교,서울특별시 광진구 자양동과 송파구 잠실동 27번지 사이에 위치한 한강에 건설한 서울의 6번째 다리. 잠실동과 연결되는 다리라 잠실대교라고 하였다. ,https://korean.visitseoul.net//data/POST/20220701//202207011748216011,평점:4.0,,"서울 송파구 한가람로 65 (잠실동, 한강사업본부 잠실안내센터)"
307,유홍식 수제화 명장 1호,서울시 수제화 명장 1호가 운영하는 가게,https://korean.visitseoul.net//data/MEDIA/20230630/0630134842214-e94ee7192ab74ecaaf5384803ba9a574.jpg,평점:4.0,,서울 성동구 아차산로 97 2층
308,인천국제공항 제 1터미널 서울관광정보센터 (서편),인천국제공항 서편에 위치한 인천국제공항 서울관광정보센터는 한국을 방문하는 해외 여행객들을 위해 연중무휴 열려있다.,https://korean.visitseoul.net//data/POST/20221102//202211021305568691,,,"인천 중구 공항로 272 (운서동, 인천공항)  인천국제공항여객터미널 1층 입국장 10번출구"
309,이화명주,일생에 중요한 날 꼭 찾게 되는 명품 한복 전문점,https://korean.visitseoul.net//data/MEDIA/20230630/0630121441179-a972b1ff5f1a47ca850bcb47ccfdb594.jpg,평점:4.5,,서울 서초구 사평대로26길 30
310,학사당구장,의자 하나까지도 그대로인 고대 앞 당구장,https://korean.visitseoul.net//data/MEDIA/20230628/0628114305473-7c74fe2ec66e4f239236d60bbb051d84.jpg,평점:4.5,,서울 동대문구 안암로 154 (제기동)  2층
311,김근태기념도서관,"자연을 향해 활짝 열린 라키비움(larchiveum), 김근태기념도서관",https://korean.visitseoul.net//data/POST/20221011//202210111529573341,평점:4.0,,서울 도봉구 도봉산길 14 (도봉동)
312,서울레코드,단골손님들의 취향을 저격하는 희귀 LP와 CD 컬렉션,https://korean.visitseoul.net//data/MEDIA/20230630/0630104948980-216b909d2ad049cab8e26049d8d5d729.jpg,,,서울 종로구 종로 154
313,대성표구사,작은 민화박물관 같은 이태원 숨은 명소,https://korean.visitseoul.net//data/MEDIA/20230627/0627160153987-eb8e22eeb1414763b9528753b1cb1393.jpg,평점:3.5,,서울 용산구 이태원로 216 (한남동)
314,함스브로트과자점,국내 단 14명뿐인 제과 명장이 만드는 꽃다발 케이크,https://korean.visitseoul.net//data/MEDIA/20230628/0628102603218-0712ae6b30644d99b13e712ddf6d4588.jpg,평점:4.0,,서울 도봉구 도봉로 483 (쌍문동)
315,JS슈즈디자인연구소,<강남스타일> 싸이 구두를 만든 명품 수제화 명장,https://korean.visitseoul.net//data/MEDIA/20230630/0630141200745-021c764ddbc84429ac6fc8da88f02e22.jpg,,,서울 성동구 연무장길 57 2층
316,최만린미술관,"예술가의 공간에서 지역 사회를 위한 미술관으로, 최만린미술관",https://korean.visitseoul.net//data/POST/20221129//202211291621159791,평점:4.5,,서울 성북구 솔샘로7길 23 (정릉동)
317,상신당,나만의 사주팔자 맞춤 명품 도장,https://korean.visitseoul.net//data/MEDIA/20230626/0626161835874-3e0036bbdb8c40cc9715f1e19ec1b128.jpg,평점:4.5,,서울 강남구 강남대로146길 7 (논현동)  금원빌딩 505호
318,봉화묵집,포근한 가정집 분위기를 느끼며 맛보는 묵밥과 만두,https://korean.visitseoul.net//data/MEDIA/20230630/0630144418075-9fa70493968b46199475388d5f294928.jpg,평점:4.0,,서울 성북구 아리랑로19길 46-2
319,삼양탕,여관을 개조한 레트로 카페와 추억의 목욕탕,https://korean.visitseoul.net//data/MEDIA/20230627/0627142642587-90feef15be8d4d408caf0d668f7f6f25.jpg,평점:5.0,,"서울 강북구 덕릉로8길 6 (수유동, 삼양여관)"
320,명가떡집,24시간 숙성하고 8시간 삶아 만든 팥소로 만든 떡,https://korean.visitseoul.net//data/MEDIA/20230627/0627113853447-f5df673217ee42c5921041f4fef129e1.jpg,평점:4.5,,서울 송파구 석촌호수로12길 7 (잠실동)
321,예문사,하나뿐인 글씨를 새기는 수제 도장 장인의 가게,https://korean.visitseoul.net//data/MEDIA/20230630/0630144141905-b0f9071033d84c4d857da6ddbc2d2450.jpg,평점:4.0,,서울 중구 을지로 126-1
322,이태원북스,서울에서 가장 오래된 외국 중고책 서점,https://korean.visitseoul.net//data/MEDIA/20230627/0627162328722-6e3b69c3a870456396f7fc0d0d38b415.jpg,평점:4.0,,서울 용산구 녹사평대로 208 (이태원동)
323,라플루마앤보헤미안,국내 드립 커피의 역사가 시작되었던 곳,https://korean.visitseoul.net//data/MEDIA/20230630/0630145829188-d504083ad7874c0b8e05d30918681c18.jpg,평점:4.5,,서울 성북구 고려대로27길 18
324,젬브로스,한국 보석 세공 산업을 선도한 주얼리 명가,https://korean.visitseoul.net//data/MEDIA/20230626/0626164611697-a0389a2abecd40189b943c12e54ef269.jpg,평점:4.5,,서울 강남구 강남대로146길 41 퀸스빌
325,힐스트링,마이스터가 운영하는 현악기 전문점,https://korean.visitseoul.net//data/MEDIA/20230630/0630115838003-661c6708f75646b8aeb4355ab32c92a9.jpg,평점:4.0,,서울 서초구 반포대로1길 8 성호빌딩 1층
326,아다모스튜디오,전국에서 손님들이 모여드는 명품 의류 수선집,https://korean.visitseoul.net//data/MEDIA/20230630/0630133252839-41e77739791f49eba91a6011e94acc02.jpg,,,서울 성동구 둘레15길 16 202호 주차장옆 외부계단
327,신락원,청와대에서 대통령을 모신 중식 수재가 운영하는 맛집,https://korean.visitseoul.net//data/MEDIA/20230628/0628104019661-0c6f618c0c3f4e6f8aef9450f59b913e.jpg,평점:4,4 ,서울 동대문구 전농로20길 2 (전농동)
328,신흥상회,문래창작촌에서 콩나물 라면과 함께 즐기는 가맥,https://korean.visitseoul.net//data/MEDIA/20230627/0627120702199-b179d81077e54fcdbc05412f002dceb9.jpg,,,서울 영등포구 도림로126길 1 (문래동3가)
329,세븐웰,내 발에 딱 맞는 맞춤 깔창 수제화,https://korean.visitseoul.net//data/MEDIA/20230630/0630152223450-18f439dd9dcc4059b3450ad7789125e1.jpg,,,서울 중구 칠패로 6
330,중랑망우공간,"역사와 자연 그리고 사람을 잇는 쉼터, 중랑망우공간",https://korean.visitseoul.net//data/POST/20221011//202210111558235221,,,"서울 중랑구 망우로91길 2 (망우동, 중랑 망우공간)"
331,미도파꽃집,냉장되지 않은 신선한 꽃과 향기로운 커피의 만남,https://korean.visitseoul.net//data/MEDIA/20230627/0627145100815-8c23a926efba4cebad4685308a5ac53a.jpg,평점:3.5,,"서울 영등포구 경인로 지하 843 (영등포동3가, 영등포역지하도상가)"
332,만나당,궁중에서 먹던 한과를 만나볼 수 있는 가게,https://korean.visitseoul.net//data/MEDIA/20230626/0626111159528-aae597b29ef64876a1a5c1ec25c80651.jpg,평점:3.5,,서울 강남구 논현로175길 61 (신사동)  1층 101호 만나당
333,합덕슈퍼,레트로한 분위기를 자랑하는 한남동 골목 랜드마크,https://korean.visitseoul.net//data/MEDIA/20230628/0628110916973-f61033c7cefd44efafd74ff0bc9297db.jpg,평점:3.5,,서울 용산구 이태원로42길 20 (한남동)
334,수유어묵공장,날씨를 고려해 어육 살을 배합하는 장인의 전통 어묵,https://korean.visitseoul.net//data/MEDIA/20230627/0627122409267-32fbdc296ee4460cb2a671d9d50fdcb1.jpg,,,서울 강북구 도봉로67길 18
335,서울스튜디오,최상급 장비와 재료로 정성스레 찍어주는 기념사진,https://korean.visitseoul.net//data/MEDIA/20230627/0627134058890-a0f6e2c1bc1d45939c66caea2911e544.jpg,,,서울 강북구 삼양로 246
336,금복상회,40년 경력의 베테랑 봉제사가 만들어주는 이름표,https://korean.visitseoul.net//data/MEDIA/20230628/0628100714059-5f75f8dba5134f0189f1211b4ab2d069.jpg,평점:4.0,,서울 금천구 시흥대로146길 33
337,사하라,"음악과 영화, 열정과 낭만이 서린 7080 라이브 주점",https://korean.visitseoul.net//data/MEDIA/20230628/0628163725195-556bd32b0cd949d8ba3a78115fb51b36.jpg,평점:4.0,,서울 마포구 만리재로 15 제일빌딩 지하1층 2호
338,엘부림양복점,40년 전통의 양복 명장 테일러샵,https://korean.visitseoul.net//data/MEDIA/20230628/0628112410734-03291d00b0384d128ea47fcf96943bac.jpg,평점:4.5,,"서울 동대문구 전농로 24 (답십리동, 계림빌딩)"
339,애플하우스,연예인들도 잊지 못하고 찾아오는 즉석 떡볶이 맛집,https://korean.visitseoul.net//data/MEDIA/20230628/0628115654706-ccd9c668bd754dd3b0327246e711635b.jpg,평점:4,35 ,"서울 동작구 동작대로27다길 29 (사당동, 서광시티뷰)  2층"
340,동부고려제과,만주와 생도너츠로 유명한 중랑구 대표 베이커리,https://korean.visitseoul.net//data/MEDIA/20230630/0630155528989-44bcab92eeb04d83b9d5194fb5e53941.jpg,평점:4.0,,서울 중랑구 망우로 388
341,거안,느티나무 전문 수제 원목가구,https://korean.visitseoul.net//data/MEDIA/20230629/0629150214669-00c2e0cf393c4b1ca03540bbbbbcf139.jpg,평점:4.0,,"서울 종로구 인사동길 44 (관훈동, 쌈지길)"
342,터방내,80년대 감성을 간직한 사이폰 커피와 프라페,https://korean.visitseoul.net//data/MEDIA/20230628/0628121000554-beec11a308fb4a76bb6ff38154321301.jpg,평점:4.5,,흑석로 101-7
343,설화철물,50년의 세월을 지켜온 남성역 철물점,https://korean.visitseoul.net//data/MEDIA/20230628/0628122425574-3a903af183bf49d595219bce71f61d85.jpg,평점:4.0,,서울 동작구 사당로16길 7 (사당동)
344,서울시립과학관,서울시립과학관은 청소년 대상 과학체험관으로 상설전시관 및 다양한 교육 프로그램 및 행사를 진행하고 있습니다.,https://korean.visitseoul.net//data/MEDIA/20230913/0913142251128-7be9ef029e384c2ab3412d17eaa7edad.png,,,"서울 노원구 한글비석로 160 (하계동, 서울시립과학관)"
345,쌍마스튜디오,여의도 방송국과 역사를 함께 해온 사진관,https://korean.visitseoul.net//data/MEDIA/20230627/0627135738993-8a80d60a701946bab681040c32f6e267.jpg,,,"서울 영등포구 여의나루로 81 (여의도동, 한마루빌딩)"
346,그날이오면,서울대 학생운동의 근간이 되었던 서점,https://korean.visitseoul.net//data/MEDIA/20230627/0627161106359-af4efe3e5c5a4fa89569e7e2c1dd9330.jpg,평점:4.5,,서울 관악구 신림로 91 (신림동)  9호
347,맨투맨양복점,1급 기능사 장인의 맞춤 양복점,https://korean.visitseoul.net//data/MEDIA/20230627/0627143547534-28d0386e1bb84a01be7e3e57792ea4e4.jpg,평점:3.5,,서울 영등포구 영등포로 181-2 (영등포동6가)
348,잉꼬네떡볶이,온·오프라인을 주름잡는 망우동 떡볶이 맛집	,https://korean.visitseoul.net//data/MEDIA/20230630/0630154111468-3206e0dc40d34523b2a051a1a09a6c4f.jpg,평점:4.0,,서울 중랑구 용마산로120길 43
349,휘가로,안주 하나에 4천원 덤 안주가 있는 가성비 호프집,https://korean.visitseoul.net//data/MEDIA/20230627/0627154758631-021d9f4806214d9db7b5ad6fd6499291.jpg,평점:4.5,,서울 관악구 신림로11길 20 (신림동)
350,모퉁이집,강남의 변천사를 함께한 라면 맛집,https://korean.visitseoul.net//data/MEDIA/20230626/0626164340677-47a452ac62a94238854bc3181347ee1e.jpg,,,서울 강남구 테헤란로1길 20 (역삼동)
351,갤러리 지우헌,"북촌한옥마을에 자리한 특별한 현대미술 갤러리로 한옥을 개조한 독특한 건축으로 2016서울우수한옥으로 선정된 공간입니다. 전통과 현대가 공존하는 전시를 조명하고, 국내·외 괄목할 만한 신진 작가 발굴을 도모합니다.",https://korean.visitseoul.net//data/MEDIA/20230703/0703123424853-62b505cb1d684070890d0721eddd66b7.jpg,평점:4.0,,서울 종로구 북촌로11라길 13 (가회동)
352,서우제과,마늘빵과 연유 맛이 나는 특별한 뻥튀기,https://korean.visitseoul.net//data/MEDIA/20230630/0630114347173-ed16cb2a262f45128e1e03091e4e3707.jpg,,,서울 서초구 방배중앙로 50
353,평택쌀상회,햇살과 바람으로 자연 건조해 만드는 국수,https://korean.visitseoul.net//data/MEDIA/20230627/0627164623875-a3aae22d027e47f8927a31012fad3df7.jpg,,,서울 금천구 독산로40길 27-5
354,불광대장간,"전통과 역사, 추억이 깃든 50년 전통 대장간	",https://korean.visitseoul.net//data/MEDIA/20230628/0628104732903-1ff5eb255a9f464da7f232c7b4ffdfba.jpg,,,서울 은평구 통일로69길 15 (대조동)
355,창신동 절벽마을,대한민국의 유일한 채석장으로 쓰던 바위 절벽 주변에 이루어져 있는 마을,https://korean.visitseoul.net//data/MEDIA/20240416/0416112531674-062989c4aaf2483a8949beb775c7ca2d.jpg,,,서울 종로구 낙산5길 51
356,효성한의원,체질 맞춤 진료와 한방차를 함께 즐길 수 있는 곳,https://korean.visitseoul.net//data/MEDIA/20230628/0628110530384-3f30a39c080041b9b1c4c0147b8bdf21.jpg,평점:4.5,,"서울 동대문구 약령중앙로 5 (제기동, 대산빌딩)"
357,삼우치킨센타,어린 시절 아버지가 퇴근길에 사 오시던 통닭,https://korean.visitseoul.net//data/MEDIA/20230627/0627122416981-b9a0979e8fa542b9bb27b0b0ceda444f.jpg,평점:4.5,,서울 영등포구 시흥대로 671 (대림동)
358,자성당약국,정든 주민들과 함께하는 길을 택한 약국,https://korean.visitseoul.net//data/MEDIA/20230627/0627151327997-449b9cb3a0a0493091683118524fb06c.jpg,,,서울 강서구 방화대로21길 76 (공항동)
359,미림분식,8090 학창시절 향수가 있는 여고 앞 즉석 떡볶이,https://korean.visitseoul.net//data/MEDIA/20230627/0627152546647-52563186a6f14930812c57b01ddd7c43.jpg,평점:4.0,,호암로 553
360,혜성미용실,불에 달군 인두로 파마해주는 미용실,https://korean.visitseoul.net//data/MEDIA/20230627/0627162624986-f7e03a9b9a254957bbd1d7125d47cb6b.jpg,평점:3.0,,서울 구로구 고척로6길 42 (오류동)
361,공항칼국수,한우 육수에 얼큰한 양념장을 넣은 버섯칼국수,https://korean.visitseoul.net//data/MEDIA/20230627/0627143909794-e090247ebeb54516b13acb8da8aafec8.jpg,,,"서울 강서구 공항대로 18-1 (공항동, 이스카이오피스텔)  지하 1층"
362,다락,한옥에서 느껴보는 떡볶이와 소주의 궁합,https://korean.visitseoul.net//data/MEDIA/20230628/0628160849011-c02c53f2d8984511aa24a1a4523fa7b9.jpg,,,"서울 마포구 도화2길 8 (도화동, 에어몰 빌딩)"
363,등촌 최월선칼국수,30년 전통의 버섯매운탕,https://korean.visitseoul.net//data/MEDIA/20230627/0627145743847-8591b6926ccb436495a388b2e917cc19.jpg,평점:4.5,,서울 강서구 화곡로64길 68 (등촌동)
364,채석장 전망대,"일제강점기 시절에 쓰이던 창신동 채석장, 그 정상에 위치한 야경 명소 전망대",https://korean.visitseoul.net//data/MEDIA/20240416/0416123829001-af750afb9d4448b0b426f57a87d5a431.jpg,,,서울 종로구 낙산5길 51 (창신동)
365,명동재미로,명동역 3번 출구에서 서울 애니메이션 센터까지의 500m의 언덕을 의미한다. ,https://korean.visitseoul.net//data/MEDIA/20240422/0422125553026-bdb4bba3b36548979e270df2b3fa68ae.jpg,평점:4.0,,"서울 중구 퇴계로20길 24 (남산동2가, 남산동공영주차장)"
366,청전이상범 가옥,누하동에 위치한 청전 이상범의 가옥,https://korean.visitseoul.net//data/MEDIA/20240516/0516172129197-6fdf5015f9ad4524a6ec95ba8b1f9cef.jpg,,,서울 종로구 필운대로 31-7 (누하동)
367,"현대카드 뮤직 라이브러리, 현대카드 바이닐앤플라스틱",장르별로 선별한 1만여 장의 바이닐과 전 세계에서 수집한 희귀음반을 갖춘 아날로그 감성의 복합문화공간,https://korean.visitseoul.net//data/MEDIA/20240610/0610111337410-136f45ee71764bbba0fc924d6da95429.jpg,평점:4.0,,서울 용산구 이태원로 246 (한남동)
368,서울기록문화관,"기록을 매개로 서울의 다채로운 모습을 보여주고, 서울과 함께한 시민 여러분의 기억을 공유하는 공간입니다.",https://korean.visitseoul.net//data/MEDIA/20240405/0405182849821-bfefa696df414f63a8c9feb21806238f.jpg,평점:4.0,,"서울 중구 세종대로 110 (태평로1가, 서울특별시청)  서울도서관 3층"
369,옛시장실 재현 공간,역대 서울시장이 사용했던 집무공간으로 그 당시의 사무집기와 가구 등이 그대로 재현되어 있습니다.,https://korean.visitseoul.net//data/MEDIA/20240405/0405174040192-305b847af47e4c27bf3d2d9af2127bc6.jpg,평점:4.0,,"서울 중구 세종대로 110 (태평로1가, 서울특별시청)  서울도서관 3층"
370,장희빈 우물터,"장희빈 우물터 일대는 조선시대 초부터 이궁(離宮)인 연희궁이 있어 예로부터 이곳은 궁말, 궁뜰, 대궐재와 왕실 최초의 뽕밭을 일궈 서잠실, 장희빈 우물이란 이름으로 전해지고 있다. ",https://korean.visitseoul.net//data/MEDIA/20240422/0422140851953-fa6824508f0a47beab1552e9ccb984fe.jpg,평점:4.5,,서울 서대문구 연희로15길 74 (연희동)
371,중앙고등학교,종로구에 위치한 최초의 사립고등학교,https://korean.visitseoul.net//data/MEDIA/20240425/0425161823637-d1772403b22146d1b1f45dd7d502ba70.jpg,,,"서울 종로구 창덕궁길 164 (계동, 중앙고등학교)"
372,중앙상회,북촌계동길에서 첫 번째로 오래된 가게,https://korean.visitseoul.net//data/MEDIA/20240423/0423170701591-3b6a5748708a49269dcc0683590c58d0.jpg,,,서울 종로구 창덕궁길 162 (계동)
373,왕짱구식당,북촌 계동길에서 네 번째로 오래된 식당,https://korean.visitseoul.net//data/MEDIA/20240423/0423171347308-c399967f261d445898ddb0fc2d9ef3c9.jpg,평점:4.5,,서울 종로구 계동길 83 (계동)
374,백양세탁,북촌 계동길에서 세 번째로 오래된 세탁소,https://korean.visitseoul.net//data/MEDIA/20240423/0423165838511-470e255d939f4eb19bcc6b291c8d0ed8.jpg,평점:4.5,,서울 종로구 계동길 54 (계동)
375,신아기념관,<신아일보>가 강제 폐간된 이후 창업주 장기봉과 <신아일보>를 기억하기 위한 기념관으로 사용중인 곳,https://korean.visitseoul.net//data/MEDIA/20240718/0718123921381-95aae9e4ede5423b8cf60e2f57fcd469.jpg,평점:4.5,,"서울 중구 정동길 33 (정동, 신아일보)"
